release_id,package_version,release_date,data_tag,site_tag,doi,n_studies_included,n_samples,n_catalog_scope,n_determinations_current,sandpiper_version,notes_file
1.0.0,1.0.0,2026-09-25,,,,389,,,,,
1.1.0,1.1.0,2026-09-25,,,,389,154222,,609584,,
1.2.0,1.2.0,2026-09-26,,,,389,154206,,618898,2.0.0,
1.2.1,1.2.1,2026-09-26,,,,389,154206,71795,618898,2.0.0,
1.2.2,1.2.2,2026-09-26,data-v1.2.2,site-v1.2.2,,389,154206,72358,618898,2.0.0,
R2026.1,1.3.0,2026-09-26,data-v1.3.0,site-v1.3.0,,389,154206,72358,618898,2.0.0,RELEASE_NOTES_R2026.1.md
R2026.2,1.4.0,2026-09-27,data-v1.4.0,site-v1.4.0,,389,154206,72358,618898,2.0.0,RELEASE_NOTES_R2026.2.md
R2026.3,1.5.0,2026-09-27,data-v1.5.0,site-v1.5.0,,389,154356,72358,619647,2.0.0,RELEASE_NOTES_R2026.3.md
R2026.4,1.6.0,2026-09-27,data-v1.6.0,site-v1.6.0,,389,154356,72358,619647,2.0.0,RELEASE_NOTES_R2026.4.md
R2026.5,1.7.0,2026-09-27,data-v1.7.0,site-v1.7.0,,389,154356,72358,619647,2.0.0,RELEASE_NOTES_R2026.5.md
R2026.6,1.7.1,2026-09-28,data-v1.7.1,site-v1.7.1,,389,154356,72358,619647,2.0.0,RELEASE_NOTES_R2026.6.md
R2026.7,1.8.0,2026-09-28,data-v1.8.0,site-v1.8.0,,389,154356,72358,619647,2.0.0,RELEASE_NOTES_R2026.7.md
R2026.8,1.9.0,2026-09-28,data-v1.9.0,site-v1.9.0,,389,154356,72358,619647,2.0.0,RELEASE_NOTES_R2026.8.md
R2026.9,1.10.0,2026-09-28,data-v1.10.0,site-v1.10.0,,389,154356,72358,619647,2.0.0,RELEASE_NOTES_R2026.9.md
