study_accession,n_runs,n_runs_profiled,frac_non_metagenome_strict,frac_non_metagenome_loose,frac_named_human_host,frac_named_nonhuman_host,frac_named_microbe,frac_synthetic,frac_rna_strict,frac_low_complexity_profiled,frac_low_depth_profiled,frac_predicted_ecological_profiled,frac_low_ksf_high_depth_profiled,median_spf,median_known_species_fraction,median_root_coverage,study_title,triage_verdict,reason_code,auditor_attention,auditor_reason
PRJDA72415,80,60,0.0,0.0,0.0,0.0,0.0,0.0,0.0,0.016666666666666666,0.0,0.0,0.06666666666666667,78.045,83.59,220.36,Comprehensive Detection of Possible Pathogens Associated with Kawasaki Disease,include,,False,
PRJDB10675,53,48,0.0,0.0,0.0,0.0,0.0,0.0,0.0,0.3333333333333333,0.0625,0.020833333333333332,0.3333333333333333,37.480000000000004,54.879999999999995,52.155,"International collaborative studies on the prevention, diagnosis, and drug discovery for diarrheal infectious diseases in India",include,,False,
PRJDB33192,51,46,0.0,0.0,0.0,0.0,0.0,0.0,0.0,0.17391304347826086,0.08695652173913043,0.0,0.06521739130434782,3.745,18.125,5.4399999999999995,Infands gut virome (PRJCA031650),include,,False,
PRJDB4525,36,34,0.0,0.0,0.0,0.0,0.0,0.0,0.0,0.0,0.0,0.0,0.0,77.41,89.575,2820.225,Shotgun metagenomics of fecal bacterial consortium inhabiting healthy Asian children,include,,False,
PRJEB100868,744,0,0.0,0.0,0.0,0.0,0.0,0.0,0.0,,0.0,0.0,0.0,,,,PREVENT 1: Gut microbiota development and health in early life,include,,False,
PRJEB101714,370,0,0.0,0.0,0.0,0.0,0.0,0.0,0.0,,0.0,0.0,0.0,,,,strepB17,include,,False,
PRJEB101960,107,0,0.0,0.0,0.0,0.0,0.0,0.0,0.0,,0.0,0.0,0.0,,,,Gut microbiome of toddlers up to 36 months of age,include,,False,
PRJEB102170,71,0,0.0,0.0,0.0,0.0,0.0,0.0,0.0,,0.0,0.0,0.0,,,,Gut microbiome of toddlers up to 12 months of age,include,,False,
PRJEB102491,176,0,0.0,0.0,0.0,0.0,0.0,0.0,0.0,,0.0,0.0,0.0,,,,Shotgun sequencing of 91 infants from the ALADDIN birth cohort,include,,False,
PRJEB106892,1853,1811,0.0,0.0,0.0,0.0,0.0,0.0,0.0,0.06184428492545555,0.0,0.007730535615681944,0.0447266703478741,98.45,86.73,1254.41,Chain_Ncc_Metagenomes_Release,include,,False,
PRJEB108038,21,5,1.0,1.0,1.0,0.0,0.0,0.0,0.0,0.2,0.0,0.0,0.0,97.69,97.83,2001.94,Neonatal Jaundice and the Infant Gut Microbiome: An Integrated Shotgun Metagenomics and Bidirectional Mendelian Randomization Study in Xinjiang,include,,False,
PRJEB108612,5328,4603,0.0,0.0,0.0,0.0,0.0,0.0,0.0,0.05518140343254399,0.0021724961981316533,0.0008689984792526613,0.00977623289159244,93.27,92.83,2000.59,MOMmy-Microbiome_Epigenome_Neurodevelopment,include,,False,
PRJEB108678,572,519,0.0,0.0,0.0,0.0,0.0,0.0,0.0,0.0674373795761079,0.0,0.0,0.0,83.61,87.94,744.23,MPRINT: mother-infant dyads and antibiotic exposure,include,,False,
PRJEB10914,1016,0,0.0,0.0,0.0,0.0,0.0,0.0,0.0,,0.0,0.0,0.0,,,,Developmental Ecology of the Human Microbiome - Restoration Study of babies.,include,,False,
PRJEB110410,156,0,0.0,0.0,0.0,0.0,0.0,0.0,0.0,,0.0,0.0,0.0,,,,The impact of dietary fibres on gut microbiome of young children: insights from ex vivo experiments and an observational cohort,include,,False,
PRJEB110894,365,0,0.0,0.0,0.0,0.0,0.0,0.0,0.0,,0.0,0.0,0.0,,,,Preterm Neonatal Stool Metagenomes+,include,,False,
PRJEB111647,1441,0,1.0,1.0,1.0,0.0,0.0,0.0,0.0,,0.0,0.0,0.0,,,,Restoration of Microbiota in Newborns,include,,False,
PRJEB112735,932,0,1.0,1.0,1.0,0.0,0.0,0.0,0.0,,0.0,0.0,0.0,,,,Investigating infant gut microbial composition (1 month and 10 years),include,,False,
PRJEB11419,12541,1250,0.0,0.0,0.0,0.0,0.0,0.0,0.0,0.0024,0.0,0.0,0.0,89.875,83.83,553.19,American Gut Project,include,,False,
PRJEB12669,26,16,0.0,0.0,0.0,0.0,0.0,0.0,0.0,0.0,0.0,0.0,0.0,84.345,81.39,284.46000000000004,Gut microbiota of 10 pairs of Chinese infant twins,include,,False,
PRJEB14801,655,0,0.0,0.0,0.0,0.0,0.0,0.0,0.0,,0.0,0.0,0.0,,,,Puerto Rico and Plantanal,include,,False,
PRJEB14935,3,2,0.0,0.0,0.0,0.0,0.0,0.0,0.0,0.5,0.0,0.0,0.0,93.995,93.505,989.01,Term and preterm shotgun samples,include,,False,
PRJEB14941,1118,0,0.0,0.0,0.0,0.0,0.0,0.0,0.0,,0.0,0.0,0.0,,,,The microbiota at multiple body sites during pregnancy in a rural Tanzanian population and the effects of Moringa supplemented probiotic yogurt.,include,,False,
PRJEB14969,37,0,0.0,0.0,0.0,0.0,0.0,0.0,0.0,,0.0,0.0,0.0,,,,Dairy and plant based food intakes are associated with altered faecal microbiota in 2 to 3 year old Australian children.,include,,False,
PRJEB15257,15,13,0.0,0.0,0.0,0.0,0.0,0.0,0.0,0.0,0.0,0.0,0.0,66.35,97.39,452.07,The antibiotic resistance potential of the preterm infant gut microbiome measured using shotgun metagenomics.,include,,False,
PRJEB15633,85,0,0.0,0.0,0.0,0.0,0.0,0.0,0.0,,0.0,0.0,0.0,,,,Growth and Morbidity of Gambian Infants are Influenced by Maternal Milk Oligosaccharides and Infant Gut Microbiota,include,,False,
PRJEB21259,196,153,0.0,0.0,0.0,0.0,0.0,0.0,0.0,0.1503267973856209,0.0,0.0,0.0392156862745098,86.03,89.44,198.0,AMR_metagenomic_sequencing,include,,False,
PRJEB22032,42,38,0.0,0.0,0.0,0.0,0.0,0.0,0.0,0.0,0.0,0.0,0.0,95.935,90.17500000000001,907.785,Characterization_of_healthy_adult_and_infant_gut_microbiota_in_Vietnamese_People,include,,False,
PRJEB22207,19,4,1.0,1.0,1.0,0.0,0.0,0.0,0.0,0.0,0.0,0.0,0.0,67.965,89.97,1596.12,Gut microbiome diagnostics in pre-term babies,include,,False,
PRJEB23207,14,11,0.0,0.0,0.0,0.0,0.0,0.0,0.0,0.0,0.0,0.0,0.0,57.44,88.55,674.66,Metagenomic characterization of the human intestinal microbiota in faecal samples from STEC-infected patients,include,,False,
PRJEB24006,26,22,0.0,0.0,0.0,0.0,0.0,0.0,0.0,0.045454545454545456,0.0,0.0,0.0,72.895,94.34,727.25,"Neonatal gut-microbiome-derived 12,13 DiHOME impedes tolerance and predicts childhood atopy and asthma",include,,False,
PRJEB24041,633,467,0.0,0.0,0.0,0.0,0.0,0.0,0.0,0.0021413276231263384,0.0,0.0,0.0,87.47,79.84,352.72,Selective maternal seeding and environment shape the human gut microbiome,include,,False,
PRJEB24771,1392,0,0.0,0.0,0.0,0.0,0.0,0.0,0.0,,0.0,0.0,0.0,,,,Legumes and Growth Data,include,,False,
PRJEB27325,402,0,1.0,1.0,1.0,0.0,0.0,0.0,0.0,,0.0,0.0,0.0,,,,Probiotic supplementation restores normal microbiota composition and function in antibiotic-treated and in caesarean-born infants,include,,False,
PRJEB2778,12,0,0.0,0.0,0.0,0.0,0.0,0.0,0.0,,0.0,0.0,0.0,,,,Mutualism between gut microbiota and the host as revealed in a comparative study of breast-fed versus formula-fed infants.,include,,False,
PRJEB28671,1690,0,0.0,0.0,0.0,0.0,0.0,0.0,0.0,,0.0,0.0,0.0,,,,A_novel_nano_iron_supplement__IHAT__to_safely_combact_iron_deficiency_and_anemia,include,,False,
PRJEB29052,184,168,0.0,0.0,0.0,0.0,0.0,0.0,0.0,0.21428571428571427,0.005952380952380952,0.0,0.017857142857142856,74.44999999999999,92.33,222.91000000000003,The effect of probiotic supplementation on the gut microbiota and antibiotic resistome development in preterm infants,include,,False,
PRJEB32135,156,135,0.0,0.0,0.0,0.0,0.0,0.0,0.0,0.02962962962962963,0.0,0.0,0.0,66.37,89.77,185.4,"The Canadian Healthy Infant Longitudinal Development (CHILD) study is a multicenter longitudinal, prospective, general population birth cohort study. This study used a nested case-controlled design to analyze the functional potential of the fecal microbiome in infants enrolled in the CHILD Study. We selected 3-month and 1-year stool samples from an atopy enriched subset of children from one enrollment center (Vancouver). DNA was extracted from stool samples and submitted for shotgun metagenome sequencing.",include,,False,
PRJEB32631,1679,1518,0.0,0.0,0.0,0.0,0.0,0.0,0.0,0.059947299077733864,0.0,0.002635046113306983,0.0032938076416337285,97.55000000000001,95.39500000000001,685.725,Early_life_microbiota_colonisation,include,,False,
PRJEB33013,61,56,0.0,0.0,0.0,0.0,0.0,0.0,0.0,0.0,0.0,0.0,0.0,95.81,87.455,2173.375,Human gut microbiome,include,,False,
PRJEB33847,252,174,0.0,0.0,0.0,0.0,0.0,0.0,0.0,0.0,0.0,0.0,0.14942528735632185,76.345,74.03999999999999,1015.3399999999999,Optimizing sequencing protocols for leaderboard metagenomics by combining long and short reads,include,,False,
PRJEB35919,20,0,0.0,0.0,0.0,0.0,0.0,0.0,0.0,,0.0,0.0,0.0,,,,Bacteriophages enhance microbiota analysis.,include,,False,
PRJEB36405,22,0,0.0,0.0,0.0,0.0,0.0,0.0,0.0,,0.0,0.0,0.0,,,,Study of the bacterial resistome in people and animals from Australia,include,,False,
PRJEB37883,753,18,0.0,0.0,0.0,0.0,0.0,0.0,0.0,0.6111111111111112,0.0,0.0,0.0,98.63499999999999,99.41,1269.9,Hospital regimes including probiotics guide the individual development of the gut microbiome of very low birth weight infants in the first two weeks of life,include,,False,
PRJEB39610,644,588,0.0,0.0,0.0,0.0,0.0,0.0,0.0,0.1326530612244898,0.0,0.0017006802721088435,0.006802721088435374,90.57499999999999,96.005,877.63,Longitudinal metagenomic analysis of the gut microbiome in preterm infants diagnosed with necrotising enterocolitis and matched controls,include,,False,
PRJEB41102,807,722,0.0,0.0,0.0,0.0,0.0,0.0,0.0,0.0013850415512465374,0.0,0.0,0.0,95.22,82.735,505.32000000000005,"Analysis of human fecal metagenomes from adults and infants, to investigate strain persistance, dispersal and purifying selection of bacterial strains.",include,,False,
PRJEB42045,16,15,0.0,0.0,0.0,0.0,0.0,0.0,0.0,0.0,0.0,0.0,0.0,65.62,97.69,1342.68,Study of infant stool samples in the first year of life.,include,,False,
PRJEB42363,181,160,0.0,0.0,0.0,0.0,0.0,0.0,0.0,0.0,0.0,0.0,0.0,70.315,77.555,618.5699999999999,"Impact of azithromycin mass drug administration on the antibiotic resistant gut microbiome: a randomized, controlled trial",include,,False,
PRJEB45356,950,865,0.0,0.0,0.0,0.0,0.0,0.0,0.0,0.0011560693641618498,0.0,0.0,0.0,78.56,88.7,1461.41,Bioactive glycans in a microbiome-directed food for malnourished children,include,,False,
PRJEB45443,338,293,0.0,0.0,0.0,0.0,0.0,0.0,0.0,0.013651877133105802,0.0,0.0,0.0,59.98,92.04,651.78,Different development status of gut microbiome link to the dysbiosis of gut ecosystem in early childhood with atopic dermatitis,include,,False,
PRJEB45799,2394,2180,0.0,0.0,0.0,0.0,0.0,0.0,0.0,0.005504587155963303,0.0,0.00045871559633027525,0.014678899082568808,94.345,70.38,3460.535,The person-to-person transmission landscape of the gut and oral microbiomes,include,,False,
PRJEB46214,47,41,0.0,0.0,0.0,0.0,0.0,0.0,0.0,0.07317073170731707,0.0,0.0,0.0,86.86,84.43,280.63,Gut bacterial gene changes following pegaspargase treatment in pediatric patients with Acute Lymphoblastic Leukemia,include,,False,
PRJEB46659,49,46,0.0,0.0,0.0,0.0,0.0,0.0,0.0,0.08695652173913043,0.0,0.0,0.0,52.42,93.46000000000001,868.7950000000001,Heritable Vaginal Bacteria Relate to Allergic Sensitization,include,,False,
PRJEB46788,2750,2161,0.0,0.0,0.0,0.0,0.0,0.0,0.0,0.0009254974548819991,0.0,0.0,0.16566404442387783,82.29,65.42,88.71,Codiversification of gut microbiota with humans,include,,False,
PRJEB46943,1310,2,0.0,0.0,0.0,0.0,0.0,0.0,0.0,0.5,0.0,0.0,0.0,54.015,84.095,199.64499999999998,Deep sequencing of faecal DNA viromes from 647 healthy Danish infants,include,,False,
PRJEB48251,205,198,0.0,0.0,0.0,0.0,0.0,0.0,0.0,0.06060606060606061,0.0,0.0,0.005050505050505051,93.97,83.57,775.325,MicrobeMom,include,,False,
PRJEB49206,477,412,0.041928721174004195,0.041928721174004195,0.0,0.0,0.041928721174004195,0.0,0.0,0.0024271844660194173,0.0,0.0,0.0024271844660194173,85.025,82.565,5532.4349999999995,Extensive microbial novelty in the Hadza and Nepali gut microbiome reveals how lifestyle impacts composition and function,include,,False,
PRJEB49383,2352,2001,0.0,0.0008503401360544217,0.0,0.0,0.0,0.0,0.0,0.1744127936031984,0.0034982508745627187,0.005497251374312844,0.015992003998001,89.64,96.13,824.88,Preterm Neonatal Stool Metagenomes,include,,False,
PRJEB50568,119,110,0.0,0.0,0.0,0.0,0.0,0.0,0.0,0.0,0.0,0.0,0.0,73.625,81.07499999999999,389.32500000000005,Pediatric gut resistome,include,,False,
PRJEB51728,1750,1589,0.0,0.0,0.0,0.0,0.0,0.0,0.0,0.012586532410320957,0.0,0.0,0.00881057268722467,97.78,88.76,558.49,Infant stool metagenomic datasets,include,,False,
PRJEB52147,90,0,0.0,0.0,0.0,0.0,0.0,0.0,0.0,,0.0,0.0,0.0,,,,"The Association Between Milk Feedings in the Preterm Population, the Microbiome and Risk of Atopic Disease: Microbiome, Atopic Disease, and Prematurity (MAP Study)",include,,False,
PRJEB52295,43,40,0.0,0.0,0.0,0.0,0.0,0.0,0.0,0.025,0.0,0.0,0.0,91.375,94.88,1257.7,Precocious infant gut microbiome reprograms enterocytes and promotes childhood obesity risk,include,,False,
PRJEB52748,105,91,0.0,0.0,0.0,0.0,0.0,0.0,0.0,0.16483516483516483,0.0,0.0,0.0,100.0,95.98,4135.72,Gut microbiome function and composition in infants from rural Kenya and association with human milk oligosaccharides,include,,False,
PRJEB52774,486,430,0.0,0.0,0.0,0.0,0.0,0.0,0.0,0.011627906976744186,0.0,0.0,0.004651162790697674,92.88,90.98,1455.3600000000001,HELMi infant stool WGS metagenomes (3 weeks to 1 year) and parental stool WGS metagenomes,include,,False,
PRJEB52938,614,458,1.0,1.0,1.0,0.0,0.0,0.0,0.0,0.13973799126637554,0.0,0.09606986899563319,0.20305676855895197,92.835,85.94,284.63,Longitudinal stool metagenomics from preterm infants within the first month after birth,include,,False,
PRJEB53954,67,60,0.0,0.0,0.0,0.0,0.0,0.0,0.0,0.03333333333333333,0.0,0.0,0.0,84.88,82.815,214.935,Pediatric Leukemia and Lymphoma patient stool microbiome,include,,False,
PRJEB54707,80,71,0.0,0.0,0.0,0.0,0.0,0.0,0.0,0.0,0.0,0.0,0.0,98.84,93.35,836.45,"Infant stool, 2-HMO vs. control formula",include,,False,
PRJEB54991,162,152,0.0,0.0,0.0,0.0,0.0,0.0,0.0,0.039473684210526314,0.0,0.0,0.0,97.78,95.66,2033.71,Shotgun metagenomics of infant formula study,include,,False,
PRJEB55713,55,51,0.0,0.0,0.0,0.0,0.0,0.0,0.0,0.0,0.0,0.0,0.0,93.95,92.63,2087.81,Child gut microbiome,include,,False,
PRJEB55714,393,343,0.0,0.0,0.0,0.0,0.0,0.0,0.0,0.06705539358600583,0.0,0.0,0.0029154518950437317,90.65,93.21,388.62,Metagenomic analyses of the intestinal microbiome from neonates in the MIS BAIR trial,include,,False,
PRJEB57911,58,54,0.0,0.0,0.0,0.0,0.0,0.0,0.0,0.05555555555555555,0.0,0.0,0.018518518518518517,98.08500000000001,93.60499999999999,2332.7,Infant metagemone data,include,,False,
PRJEB59728,22,14,0.0,0.0,0.0,0.0,0.0,0.0,0.0,0.0,0.0,0.0,0.0,89.425,83.515,326.605,This study examined pediatric patients undergoing treatment for various cancers and examined the impact of antibiotic use and duration on antibiotic resistance genes,include,,False,
PRJEB62041,344,308,0.0,0.0,0.0,0.0,0.0,0.0,0.0,0.03896103896103896,0.0,0.0,0.006493506493506494,66.15,93.215,704.325,Rotavirus Vaccine Immunogenicity (RoVI) shotgun metagenomics,include,,False,
PRJEB62690,1110,1011,0.0,0.0,0.0,0.0,0.0,0.0,0.0,0.04747774480712166,0.0,0.0,0.0009891196834817012,99.11,94.81,1795.94,"Infant stool, 5-HMO supplemented formula vs. control formula vs. breastfed",include,,False,
PRJEB62848,181,165,0.0,0.0,0.0,0.0,0.0,0.0,0.0,0.10909090909090909,0.0,0.0,0.006060606060606061,100.0,96.78,3015.34,"Infant stool, moderate and late preterm infants, probiotic and prebiotic",include,,False,
PRJEB63183,170,151,0.0,0.0,0.0,0.0,0.0,0.0,0.0,0.039735099337748346,0.0,0.0,0.0,89.66,94.86,1494.95,Interactions Between Bifidobacterium and Bacteroides and Human Milk Oligosaccharides and Their Associations with Infant Cognition,include,,False,
PRJEB63351,288,253,0.0,0.0,0.0,0.0,0.0,0.0,0.0,0.007905138339920948,0.0,0.0,0.0,88.46,87.24,1577.7,Neuroblastoma is associated with alterations in gut microbiome composition subsequent to maternal seeding,include,,False,
PRJEB63570,928,828,0.0,0.0,0.0,0.0,0.0,0.0,0.0,0.2826086956521739,0.0,0.012077294685990338,0.06280193236714976,99.935,97.0,1009.535,Klebsiella_transmission_and_immunity_on_Chatinkha_nursery__Neo_TRACK_,include,,False,
PRJEB6456,400,357,0.0,0.0,0.0,0.0,0.0,0.0,0.0,0.05322128851540616,0.0,0.0,0.008403361344537815,100.0,90.49,1075.72,Dynamics and Stabilization of the Human Gut Microbiome during the First Year of Life,include,,False,
PRJEB64567,45,40,0.0,0.0,0.0,0.0,0.0,0.0,0.0,0.0,0.0,0.0,0.0,85.315,85.18,678.12,Maternal FMT in Cesarean-Born Infants - WGS sequencing of infants (1w to 1year) and maternal fecal samples,include,,False,
PRJEB66728,60,55,0.0,0.0,0.0,0.0,0.0,0.0,0.0,0.2909090909090909,0.0,0.0,0.01818181818181818,82.97,91.37,2832.92,"Priority effects, nutrition and HMO-metabolism drive Bifidobacterium longum subspecies dynamics in the infant gut microbiome",include,,False,
PRJEB6921,1067,151,0.7572633552014996,0.8425492033739457,0.4901593252108716,0.16119962511715089,0.10590440487347703,0.0,0.0,0.07947019867549669,0.0,0.0,0.152317880794702,87.65,84.61,402.6,Role_of_early_life_gut_microbiota_in_colonisation_resistance_development,include,,True,nonhuman_host_named
PRJEB6972,15,15,0.0,0.0,0.0,0.0,0.0,0.0,0.0,0.0,0.0,0.0,0.0,82.46,91.25,1196.91,"The microbial colonization of the intestine during the first monthsof life constitutes the most important process for the microbiota-induced host-homeostasis.Alterations in this process may entail a high-risk for disease in later life. However, this process the potential factorsaffecting it in the infant are not well known. Moreover, the potential impact of orally administered vaccines, expected to interact with intestinal immune cells eliciting an immune response at mucosal level,upon the establishing microbiome remains unknown.Here we assessed the intestinal microbiome establishmentprocess and evaluated the impact of rotavirus vaccination upon this process. Metagenomic, PCR-DGGE and faecal short chain fatty acids analyses were performed on faecal samples obtained from three infants before and after the administration of each dose of vaccine. We found a high inter-individual variability in the early lifegut microbiota at microbial composition level, but a large similarity between the infants’ microbiomes at functional level. Rotavirus vaccination did not show any major effects upon the infant gut microbiota. Thus, the individual microbiome establishment and development process seems to occur in a defined manner during the first stages of life and it is not affected by oral rotavirus vaccination.",include,,False,
PRJEB70237,2664,0,0.0,0.0,0.0,0.0,0.0,0.0,0.0,,0.0,0.0,0.0,,,,HELMi infant and parental stool WGS metagenomes,include,,False,
PRJEB74322,155,141,0.0,0.0,0.0,0.0,0.0,0.0,0.0,0.0851063829787234,0.0,0.0,0.014184397163120567,67.88,89.48,949.7,Spanish mother and infants metagenomes of stool and milk samples,include,,False,
PRJEB74747,59,0,0.0,0.0,0.0,0.0,0.0,0.0,0.0,,0.0,0.0,0.0,,,,Dynamics of early-life bacteriophage-bacteria interactions in very preterm infants and their implications in disease,include,,False,
PRJEB76913,35,26,1.0,1.0,1.0,0.0,0.0,0.0,0.0,0.3076923076923077,0.0,0.038461538461538464,0.0,92.195,96.215,1891.835,Factors affecting the gut microbiota composition of children with CHD,include,,False,
PRJEB77202,539,450,0.0,0.0,0.0,0.0,0.0,0.0,0.0,0.022222222222222223,0.0,0.0,0.0,86.265,95.195,667.0250000000001,Cork Nutrition Cohort,include,,False,
PRJEB77729,89,81,0.0,0.0,0.0,0.0,0.0,0.0,0.0,0.06172839506172839,0.0,0.0,0.0,100.0,94.63,2070.5,First-Year Dynamics of the Microbiome in Infants’ Oral and Gastrointestinal Systems,include,,False,
PRJEB79382,77,77,0.0,0.0,0.0,0.0,0.0,0.0,0.0,0.0,0.0,0.0,0.0,88.86,90.68,431.5,Stool microbiota stability,include,,False,
PRJEB79896,1712,1493,0.0,0.0,0.0,0.0,0.0,0.0,0.0,0.07568653717347622,0.02478231748158071,0.006028131279303416,0.009377093101138647,86.68,94.97,1108.13,PRIMAL fecal samples shotgun metagenome sequencing,include,,False,
PRJEB80456,12,11,0.0,0.0,0.0,0.0,0.0,0.0,0.0,0.09090909090909091,0.0,0.0,0.0,85.21,95.87,8235.37,afmt sample deep sequencing metagenomic and HiC,include,,False,
PRJEB82926,34,30,1.0,1.0,1.0,0.0,0.0,0.0,0.0,0.16666666666666666,0.0,0.0,0.0,94.255,95.675,428.65999999999997,"Probiotic Supplementation Impacts Gut Microbiota Development in Infants at Risk of Atopy: A Follow-up Analysis of a Randomised, Double-Blind, Placebo-Controlled Study",include,,False,
PRJEB83236,770,85,0.0,0.0,0.0,0.0,0.0,0.0,0.0,0.35294117647058826,0.0,0.047058823529411764,0.023529411764705882,88.7,95.5,364.06,SEPSIS Human Microbiome Study,include,,False,
PRJEB83552,1674,1384,0.0,0.0,0.0,0.0,0.0,0.0,0.0,0.3338150289017341,0.000722543352601156,0.0,0.02384393063583815,91.84,95.18,695.47,SEPSIS Lactobacillus plantarum ATCC 202195 Microbiome Study,include,,False,
PRJEB84376,1368,56,0.0,0.0,0.0,0.0,0.0,0.0,0.0,0.9107142857142857,0.017857142857142856,0.0,0.08928571428571429,31.18,94.535,103.525,Impact of phage enrichment on the observed infant gut virome,include,,False,
PRJEB84944,547,0,0.0,0.0,0.0,0.0,0.0,0.0,0.0,,0.0,0.0,0.0,,,,Shotgun sequencing of 56 mother-infant dyads from the ALADDIN birth cohort,include,,False,
PRJEB86954,138,74,0.0,0.0,0.0,0.0,0.0,0.0,0.0,0.0,0.0,0.0,0.43243243243243246,83.28,51.285,102.93,Integrating Metagenomics for Helminth Detection,include,,False,
PRJEB87209,50,49,1.0,1.0,1.0,0.0,0.0,0.0,0.0,0.02040816326530612,0.0,0.0,0.0,96.2,92.71,354.79,Australian infant gut microbiome metagenomics,include,,False,
PRJEB89462,1366,0,0.0,0.0,0.0,0.0,0.0,0.0,0.0,,0.0,0.0,0.0,,,,Impact of phage enrichment on the observed infant gut phageome,include,,False,
PRJEB89491,929,0,0.0,0.0,0.0,0.0,0.0,0.0,0.0,,0.0,0.0,0.0,,,,LucKi Gut - Longitudinal metagenomic sequencing of infant gut microbiota,include,,False,
PRJEB90577,631,342,0.0,0.0,0.0,0.0,0.0,0.0,0.0,0.023391812865497075,0.0,0.011695906432748537,0.043859649122807015,85.80000000000001,81.225,247.755,PediCAP metagenomics and metaserotyping,include,,False,
PRJEB9150,49,38,0.0,0.0,0.0,0.0,0.0,0.0,0.0,0.02631578947368421,0.0,0.0,0.18421052631578946,78.465,65.235,164.16500000000002,Gut microbial succession follows acute secretory diarrhea in humans,include,,False,
PRJEB9403,1392,121,0.0,0.0,0.0,0.0,0.0,0.0,0.0,0.9917355371900827,0.0,0.0,0.0,100.0,99.61,509.41,BAMBI__Baby_Associated_MicroBiota_of_the_Intestine_,include,,False,
PRJEB97976,108,0,0.0,0.0,0.0,0.0,0.0,0.0,0.0,,0.0,0.0,0.0,,,,Infant gut microbiome maturation during weaning,include,,False,
PRJEB9818,320,0,0.0,0.0,0.0,0.0,0.0,0.0,0.0,,0.0,0.0,0.0,,,,The gut DNA viromes of Malawian twins discordant for severe acute undernutrition,include,,False,
PRJNA1015704,148,143,0.0,0.0,0.0,0.0,0.0,0.0,0.0,0.04895104895104895,0.0,0.0,0.02097902097902098,77.65,82.96,709.26,Fecal and oropharyngeal microbiota from infants with cystic fibrosis on and off beta-lactam antibiotics.,include,,False,
PRJNA1019702,507,333,0.0,0.0,0.0,0.0,0.0,0.0,0.0,0.06306306306306306,0.10510510510510511,0.003003003003003003,0.0,79.64,92.21,683.45,MILK study metagenomic sequencing of human milk and infant feces,include,,False,
PRJNA1029046,29,27,0.0,0.0,0.0,0.0,0.0,0.0,0.0,0.0,0.0,0.0,0.0,86.78,93.51,509.7,Microbial Functionality and Its Correlation with Three Fecal Biomarkers,include,,False,
PRJNA1031773,624,497,0.0,0.0,0.0,0.0,0.0,0.0,0.0,0.05835010060362173,0.0,0.0,0.002012072434607646,94.66,94.67,1788.3,Impacts of COVID-19 Pandemic on Early Life Gut Microbiome,include,,False,
PRJNA1042647,180,140,0.0,0.0,0.0,0.0,0.0,0.0,0.0,0.09285714285714286,0.0,0.007142857142857143,0.02142857142857143,73.83500000000001,91.6,400.53,Bile Acids Are Substrates for Amine N-Acyl Transferase Activity by Bile Salt Hydrolase,include,,False,
PRJNA1045584,655,424,0.0,0.0,0.0,0.0,0.0,0.0,0.0,0.09905660377358491,0.0660377358490566,0.0023584905660377358,0.049528301886792456,63.96,76.715,321.65999999999997,Impact of SARS-CoV-2 in stool sample from women living with HIV and HIV-negative women and their infants.,include,,False,
PRJNA1045596,436,429,0.0,0.0,0.0,0.0,0.0,0.0,0.0,0.006993006993006993,0.0,0.0,0.002331002331002331,72.35,85.67,339.8,The Intestinal Microbiome of Inflammatory Bowel Disease Across the Pediatric Age Range Raw sequence reads,include,,False,
PRJNA1046438,467,424,0.0,0.0,0.0,0.0,0.0,0.0,0.0,0.0,0.0,0.0,0.0023584905660377358,79.42,78.655,467.455,Profiling the gut microbiota throughout human lifespan,include,,False,
PRJNA1049511,1566,1322,0.0,0.0,0.0,0.0,0.0,0.0,0.0,0.049167927382753406,0.0,0.0,0.0037821482602118004,93.91499999999999,92.92,1655.58,Gestational diabetes mellitus (GDM) impacts the maternal or infant microbiome trajectory,include,,False,
PRJNA1051094,122,70,0.0,0.0,0.0,0.0,0.0,0.0,0.0,0.32857142857142857,0.2571428571428571,0.0,0.05714285714285714,1.0350000000000001,52.585,8.605,"Comparing the gut virome of HIV exposed, uninfected verses HIV unexposed Kenyan infants in the first 18 month of life",include,,False,
PRJNA1055141,94,4,0.0,0.0,0.0,0.0,0.0,0.0,0.0,0.25,0.0,0.0,0.0,16.915,90.58000000000001,51.415,Infant stool shallow shotgun sequencing (ANTIBIO),include,,False,
PRJNA1056831,10,10,0.0,0.0,0.0,0.0,0.0,0.0,0.0,0.1,0.0,0.0,0.0,88.57,95.195,1824.27,Microbiota of infant cholestasis in Taiwan,include,,False,
PRJNA1060349,1197,253,0.0,0.0,0.0,0.0,0.0,0.0,0.0,0.0,0.0,0.0,0.0,65.45,84.84,325.7,Weaning accelerates and transforms within-host adaptation in the infant gut microbiome,include,,False,
PRJNA1062322,57,41,0.0,0.0,0.0,0.0,0.0,0.0,0.0,0.0975609756097561,0.0,0.04878048780487805,0.024390243902439025,77.27,96.01,1673.63,Human milk cream alters intestinal microbiome of preterm infants,include,,False,
PRJNA1065277,68,61,0.0,0.0,0.0,0.0,0.0,0.0,0.0,0.08196721311475409,0.0,0.01639344262295082,0.06557377049180328,96.05,89.95,5360.22,Maternal factors are more capable of influencing the structure of infant gut microbes and bacteriophages than geography,include,,False,
PRJNA1067625,16,15,0.0,0.0,0.0,0.0,0.0,0.0,0.0,0.0,0.0,0.0,0.6666666666666666,23.97,43.09,65.79,Gut microbiome of children in Haiti,include,,True,low_known_species_high_depth_majority
PRJNA1072081,961,883,0.0,0.0,0.0,0.0,0.0,0.0,0.0,0.01245753114382786,0.0,0.0,0.0056625141562853904,86.68,92.98,340.72,"Identifying Biomarkers and Trajectories of Typical Neurodevelopment in Children, the BRAINRISE Initiative",include,,False,
PRJNA1076911,50,42,0.0,0.0,0.0,0.0,0.0,0.0,0.0,0.0,0.0,0.0,0.0,71.995,90.03999999999999,1057.8449999999998,Infant and maternal gut microbiomes,include,,False,
PRJNA1081952,1736,858,0.0,0.0,0.0,0.0,0.0,0.0,0.0,0.02564102564102564,0.0,0.0,0.002331002331002331,85.755,90.045,528.745,BRISC microbiome sub study,include,,False,
PRJNA1082298,2,2,1.0,1.0,0.0,0.0,1.0,0.0,0.0,0.0,0.0,0.0,0.0,87.35499999999999,91.66499999999999,13259.580000000002,Analysis of fecal resistome in children,include,,True,microbe_named_majority
PRJNA1085219,149,136,0.0,0.0,0.0,0.0,0.0,0.0,0.0,0.0,0.0,0.0,0.007352941176470588,98.325,96.34,4351.67,Antibiotic resistance gene dynamics in the commensal infant gut microbiome over the first year of life,include,,False,
PRJNA1086532,404,392,0.0,0.0,0.0,0.0,0.0,0.0,0.0,0.1326530612244898,0.007653061224489796,0.007653061224489796,0.007653061224489796,88.77,95.795,1169.3899999999999,Intestinal microbiomes of premature neonates with bacteremia,include,,False,
PRJNA1086674,135,73,0.0,0.0,0.0,0.0,0.0,0.0,0.0,0.1917808219178082,0.0,0.0,0.0,79.18,88.34,264.48,The Impact of Oral Feedings on the Preterm Infant Microbiome and Metabolome,include,,False,
PRJNA1087376,230,211,0.0,0.0,0.0,0.0,0.0,0.0,0.0,0.0,0.0,0.0,0.004739336492890996,90.74,89.41,1578.01,M4EFaD - Gut microbiome changes associated with malnutrition,include,,False,
PRJNA1095378,60,0,0.0,0.0,0.0,0.0,0.0,0.0,0.0,,0.0,0.0,0.0,,,,Neonatal antibiotic resistance,include,,False,
PRJNA1102671,11,0,0.0,0.0,0.0,0.0,0.0,0.0,0.0,,0.0,0.0,0.0,,,,"High detection frequency of vaccine-associated polioviruses and non-polio enteroviruses in stools of asymptomatic infants from the Free State Province, South Africa.",include,,False,
PRJNA1105631,196,178,0.0,0.0,0.0,0.0,0.0,0.0,0.0,0.07865168539325842,0.06741573033707865,0.11797752808988764,0.3258426966292135,23.884999999999998,57.83,124.24000000000001,Microbiome features of bronchopulmonary dysplasia,include,,False,
PRJNA1106451,1,1,0.0,1.0,0.0,0.0,0.0,0.0,0.0,0.0,0.0,0.0,0.0,71.95,87.62,2956.24,Metagenomic assembly of genomes from a segmented filamentous bacterium present in the gut of Malian children,include,,False,
PRJNA1106565,669,603,0.0,0.0,0.0,0.0,0.0,0.0,0.0,0.008291873963515755,0.0,0.0,0.0,71.29,88.78,401.59,Antibiotic exposure is associated with minimal gut microbiome perturbations in healthy term infants,include,,False,
PRJNA1112760,132,0,0.0,0.0,0.0,0.0,0.0,0.0,0.0,,0.0,0.0,0.0,,,,Metagenomic signatures of early life brain damage,include,,False,
PRJNA1112983,202,182,0.0,0.0,0.0,0.0,0.0,0.0,0.0,0.038461538461538464,0.0,0.005494505494505495,0.03296703296703297,55.36,90.42,1896.6100000000001,Kawasaki diseases patients metagenome Raw sequence reads,include,,False,
PRJNA1113165,736,674,0.0,0.0,0.0,0.0,0.0,0.0,0.0,0.008902077151335312,0.0,0.001483679525222552,0.016320474777448073,83.56,78.365,5630.77,Misame3 gut metagenomic,include,,False,
PRJNA1123170,760,692,0.0,0.0,0.0,0.0,0.0,0.0,0.0,0.015895953757225433,0.0,0.0,0.02023121387283237,79.01,87.405,510.5,A microbiota-directed therapeutic food for severely malnourished children evaluated following acute nutritional resuscitation,include,,False,
PRJNA1128723,65,60,0.0,0.0,0.0,0.0,0.0,0.0,0.0,0.0,0.0,0.0,0.0,77.67500000000001,89.495,701.3,Human gut metagenomes of South African infants,include,,False,
PRJNA1128803,9,8,0.0,0.0,0.0,0.0,0.0,0.0,0.0,0.0,0.0,0.0,0.0,99.205,84.55000000000001,1208.355,Macrogenome sequence of the infant gut microbiota,include,,False,
PRJNA1130109,203,179,0.0,0.0,0.0,0.0,0.0,0.0,0.0,0.061452513966480445,0.0,0.0,0.01675977653631285,96.32,93.86,648.69,Infant gut microbiome study,include,,False,
PRJNA1138246,298,293,0.0,0.0,0.0,0.0,0.0,0.0,0.0,0.09897610921501707,0.0,0.0,0.0,100.0,94.03,2921.21,Fecal metagenomes of Peruvian children,include,,False,
PRJNA1139951,663,29,0.0,0.0,0.0,0.0,0.0,0.0,0.0,0.0,0.0,0.0,0.034482758620689655,68.15,77.64,3703.87,Long read metagenomics,include,,False,
PRJNA1140720,1013,935,0.0,0.0,0.0,0.0,0.0,0.0,0.0,0.0010695187165775401,0.0,0.0,0.0,91.29,92.55,3918.8,Modelling human microbiome transmission in a nursery setting,include,,False,
PRJNA1141394,133,130,0.0,0.0,0.0,0.0,0.0,0.0,0.0,0.49230769230769234,0.0,0.0,0.015384615384615385,75.11500000000001,95.465,2523.79,Biofilm metagenome Raw sequence reads,include,,False,
PRJNA1143669,65,59,0.0,0.0,0.0,0.0,0.0,0.0,0.0,0.13559322033898305,0.0,0.0,0.0,100.0,95.71,7812.56,Gut microbiota of neonates exposed to HIV,include,,False,
PRJNA1145027,81,64,0.0,0.0,0.0,0.0,0.0,0.0,0.0,0.109375,0.015625,0.0,0.0625,75.75999999999999,93.13,360.075,Metal availability shapes early life microbial ecology and community succession,include,,False,
PRJNA1148144,24,24,0.0,0.0,0.0,0.0,0.0,0.0,0.0,0.041666666666666664,0.0,0.0,0.041666666666666664,72.37,93.515,642.06,Biosignatures of late-onset extraintestinal bacterial infections,include,,False,
PRJNA1154644,94,92,0.0,0.0,0.0,0.0,0.0,0.0,0.0,0.0,0.0,0.0,0.0,94.5,91.12,1696.9450000000002,Species- and subspecies-level characterization of health-associated bacterial consortia that colonize the human gut during infancy,include,,False,
PRJNA1160256,21,21,0.0,0.0,0.0,0.0,0.0,0.0,0.0,0.0,0.0,0.0,0.0,58.21,84.91,457.93,The effects of selected food components and additives on the human gut microbiome,include,,False,
PRJNA1162635,136,103,0.0,0.0,0.0,0.0,0.0,0.0,0.0,0.04854368932038835,0.0,0.0,0.0,96.27,96.81,1656.71,A Metagenome-Assembled Genome Inventory for Children (MAGIC),include,,False,
PRJNA1166969,12,12,0.0,0.0,0.0,0.0,0.0,0.0,0.0,0.08333333333333333,0.16666666666666666,0.0,0.16666666666666666,46.15,68.64,695.755,Multi-Omics Analysis of the Microbial Profile Characteristics Associated with Pulmonary Arterial Hypertension in Congenital Heart Disease,include,,False,
PRJNA1169661,152,150,0.0,0.0,0.0,0.0,0.0,0.0,0.0,0.23333333333333334,0.13333333333333333,0.006666666666666667,0.08666666666666667,67.92,89.78,257.96500000000003,Infamilk,include,,False,
PRJNA1177813,126,114,0.0,0.0,0.0,0.0,0.0,0.0,0.0,0.008771929824561403,0.0,0.0,0.008771929824561403,67.725,76.19,167.08,2FL age specific bifidobacterium effect,include,,False,
PRJNA1189459,89,77,0.0,0.0,0.0,0.0,0.0,0.0,0.0,0.12987012987012986,0.0,0.0,0.0,94.5,91.84,803.23,MicrobeMon threemonth infant,include,,False,
PRJNA1191223,92,90,0.0,0.0,0.0,0.0,0.0,0.0,0.0,0.17777777777777778,0.0,0.0,0.0,96.41499999999999,97.555,488.6,Impact of early life antibiotic and probiotic treatment on gut microbiome and resistome of preterm infants (metagenome samples),include,,False,
PRJNA1195013,44,44,0.0,0.0,0.0,0.0,0.0,0.0,0.0,0.0,0.0,0.0,0.0,95.065,84.18,2592.9,"Stool microbiota from Mayan families. Age, town size, season, and food sourcing strategy evaluation",include,,False,
PRJNA1198101,30,0,0.0,0.0,0.0,0.0,0.0,0.0,0.0,,0.0,0.0,0.0,,,,MILK study metagenomic re-sequencing of human milk,include,,False,
PRJNA1206145,108,108,0.0,0.0,0.0,0.0,0.0,0.0,0.0,0.09259259259259259,0.0,0.0,0.0,80.50999999999999,96.045,556.31,Shotgun sequencing of the gut microbiome from infants enrolled in a randomized controlled trial of a microbiome-based integrative wellness program.,include,,False,
PRJNA1217583,34,33,0.0,0.0,0.0,0.0,0.0,0.0,0.0,0.030303030303030304,0.0,0.0,0.0,93.48,88.19,2289.1,"Metagenomic predictors of childhood obesity, cross-talk with maternal microflora",include,,False,
PRJNA1222487,95,0,0.0,0.0,0.0,0.0,0.0,0.0,0.0,,0.0,0.0,0.0,,,,Gut microbiome signatures and reduced Faecalibacterium and Roseburia in infants with early allergic conditions,include,,False,
PRJNA1225421,210,209,0.0,0.0,0.0,0.0,0.0,0.0,0.0,0.009569377990430622,0.0,0.0,0.009569377990430622,88.37,86.71,864.18,Microbiome data from the ECoMiD cohort study in Ecuador,include,,False,
PRJNA1227883,112,101,0.0,0.0,0.0,0.0,0.0,0.0,0.0,0.0891089108910891,0.09900990099009901,0.009900990099009901,0.0,92.04,92.55,1985.6,Metagenomes from mother-infant fecal and breastmilk samples of the MAMI cohort Metagenome,include,,False,
PRJNA1230889,108,0,0.0,0.0,0.0,0.0,0.0,0.0,0.0,,0.0,0.0,0.0,,,,Mutualistic interactions between Escherichia coli and Bifidobacterium bifidum enable degradation of human milk oligosaccharides in healthy infants,include,,False,
PRJNA1231247,40,39,0.0,0.0,0.0,0.0,0.0,0.0,0.0,0.1794871794871795,0.0,0.0,0.0,100.0,97.44,1816.17,metagenome Raw sequence reads,include,,False,
PRJNA1233922,38,37,0.0,0.0,0.0,0.0,0.0,0.0,0.0,0.13513513513513514,0.0,0.0,0.13513513513513514,100.0,96.23,1637.37,gut metagenome,include,,False,
PRJNA1241499,30,0,0.0,0.0,0.0,0.0,0.0,0.0,0.0,,0.0,0.0,0.0,,,,"Pediatric IBD Shotgun Metagenomics, Metatranscriptomics, and 16S rRNA",include,,False,
PRJNA1249435,315,0,0.0,0.0,0.0,0.0,0.0,0.0,0.0,,0.0,0.0,0.0,,,,Neurobiological and neurocognitive consequences of diverse microbiome functional trajectories,include,,False,
PRJNA1257550,1737,1450,0.0,0.0,0.0,0.0,0.0,0.0,0.0,0.057931034482758624,0.0,0.0,0.010344827586206896,94.775,94.61,1746.1599999999999,Role of gut microbiota in eczema development,include,,False,
PRJNA1258733,156,0,0.0,0.0,0.0,0.0,0.0,0.0,0.0,,0.0,0.0,0.0,,,,Human Gut Metagenome,include,,False,
PRJNA1259152,1252,1233,0.0,0.0,0.0,0.0,0.0,0.0,0.0,0.013787510137875101,0.0,0.0,0.0008110300081103001,92.21,91.79,1616.01,MOMMY_IBD,include,,False,
PRJNA1260441,20,0,0.0,0.0,0.0,0.0,0.0,0.0,0.0,,0.0,0.0,0.0,,,,Comparative evaluation of DNA extraction protocols for neonatal gut microbiota profiling in a resource-limited setting,include,,False,
PRJNA1260751,26,26,0.0,0.0,0.0,0.0,0.0,0.0,0.0,0.07692307692307693,0.0,0.15384615384615385,0.0,75.555,93.315,3172.4700000000003,Maternal Obesity Alters Human Milk Oligosaccharides Content and Promotes Early Acquisition of Late Colonizers in the Neonatal Gut Microbiome,include,,False,
PRJNA1273620,325,317,0.0,0.0,0.0,0.0,0.0,0.0,0.0,0.006309148264984227,0.0,0.0,0.0,84.72,92.1,1521.77,Maternal-Prenatal Signature Underlying Offspring Atopic Dermatitis Susceptibility,include,,False,
PRJNA1274040,1000,0,1.0,1.0,1.0,0.0,0.0,0.0,0.0,,0.0,0.0,0.0,,,,Yoghurt supplementation in overweight/obese women from early pregnancy to postpartum augments gut microbiota in their infants,include,,False,
PRJNA1274602,20,20,0.0,0.0,0.0,0.0,0.0,0.0,0.0,0.25,0.0,0.0,0.0,66.06,97.07499999999999,2291.285,Association of fentanyl-induced microbiome changes and neurodevelopmental outcomes in preterm infants,include,,False,
PRJNA1274946,353,331,0.0,0.0,0.0,0.0,0.0,0.0,0.0,0.0030211480362537764,0.0,0.0,0.0,79.02,92.62,2630.51,Siblings are Reservoirs for Microbial Metabolic Processes that Influence Allergy Development,include,,False,
PRJNA1280936,895,870,0.0,0.0,0.0,0.0,0.0,0.0,0.0,0.052873563218390804,0.0,0.0034482758620689655,0.010344827586206896,85.06,95.46000000000001,2538.9700000000003,Gut Microbiome of Infants in the Neonatal Intensive Care Unit,include,,False,
PRJNA1286160,247,240,0.0,0.0,0.0,0.0,0.0,0.0,0.0,0.016666666666666666,0.0,0.0,0.0125,93.85499999999999,90.295,1994.605,Antibiotic resistance genes in infants with and without obesity,include,,False,
PRJNA1290379,261,221,0.0,0.0,0.0,0.0,0.0,0.0,0.0,0.24434389140271492,0.0,0.0,0.0,31.38,91.72,863.96,Infant stool,include,,False,
PRJNA1301887,517,0,0.0,0.0,0.0,0.0,0.0,0.0,0.0,,0.0,0.0,0.0,,,,Preterm infant weight gain patterns are not associated with gut microbiome measures,include,,False,
PRJNA1304237,22,21,0.0,0.0,0.0,0.0,0.0,0.0,0.0,0.23809523809523808,0.0,0.047619047619047616,0.09523809523809523,90.98,92.46,589.95,Gut Microbiota Signatures in Indian Preterm Infants with Necrotizing Enterocolitis,include,,False,
PRJNA1305341,250,0,0.0,0.0,0.0,0.0,0.0,0.0,0.0,,0.0,0.0,0.0,,,,ProRIDE Deep Seq Metagenomics Raw sequence reads,include,,False,
PRJNA1312123,272,42,0.0,0.0,0.0,0.0,0.0,0.0,0.0,0.11904761904761904,0.0,0.0,0.0,100.0,91.995,334.125,Development of the preterm infant gut and gastric residuals microbiome,include,,False,
PRJNA1320699,90,0,0.0,0.0,0.0,0.0,0.0,0.0,0.0,,0.0,0.0,0.0,,,,16S sequencing of infant stool Metagenome,include,,False,
PRJNA1337172,168,161,0.0,0.0,0.0,0.0,0.0,0.0,0.0,0.024844720496894408,0.0,0.0,0.0,94.41,91.98,3304.57,Early prenatal antibiotic usage has limited impact on the microbiomes of infants,include,,False,
PRJNA1337442,450,0,0.0,0.0,0.0,0.0,0.0,0.0,0.0,,0.0,0.0,0.0,,,,Effect of Mass Azithromycin Distribution on Antibiotic Resistance in the Gut and Nasopharynx: A Cluster-Randomized Trial,include,,False,
PRJNA1348516,809,0,0.0,0.0,0.0,0.0,0.0,0.0,0.0,,0.0,0.0,0.0,,,,Metagenomic sequencing of stool samples of infants raw sequence reads,include,,False,
PRJNA1355224,151,0,0.0,0.0,0.0,0.0,0.0,0.0,0.0,,0.0,0.0,0.0,,,,Human metagenomic samples Metagenome,include,,False,
PRJNA1356541,511,496,0.0,0.0,0.0,0.0,0.0,0.0,0.0,0.0020161290322580645,0.0,0.0,0.0020161290322580645,99.61,82.49000000000001,3834.49,Metagenomic strain tracking among children in urban and rural communities in low- and middle-income countries.,include,,False,
PRJNA1364313,361,356,0.0,0.0,0.0,0.0,0.0,0.0,0.0,0.10955056179775281,0.014044943820224719,0.19101123595505617,0.008426966292134831,36.685,90.465,287.49,Antibiotic impact on preterm infant microbiome maturation,include,,False,
PRJNA1368374,191,187,0.0,0.0,0.0,0.0,0.0,0.0,0.0,0.06417112299465241,0.0,0.0962566844919786,0.026737967914438502,93.79,89.13,2100.36,Metagenomes from mother-infant fecal samples,include,,False,
PRJNA1378986,1878,0,0.0,0.0,0.0,0.0,0.0,0.0,0.0,,0.0,0.0,0.0,,,,Human gut metagenome during the first year of life,include,,False,
PRJNA1403004,1018,963,0.0,0.0,0.0,0.0,0.0,0.0,0.0,0.04880581516095535,0.0,0.0,0.0010384215991692627,90.99,90.43,261.07,Shotgun metagenomic sequencing of infant stool samples from the CHILD Cohort Study,include,,False,
PRJNA1404625,835,0,0.0,0.0,0.0,0.0,0.0,0.0,0.0,,0.0,0.0,0.0,,,,Investigating the role of the infant gut microbiome in rotavirus vaccine efficacy,include,,False,
PRJNA1406796,30,29,0.0,0.0,0.0,0.0,0.0,0.0,0.0,0.034482758620689655,0.0,0.0,0.06896551724137931,47.84,79.65,871.5,Metagenomic Identification,include,,False,
PRJNA1413407,108,107,0.0,0.0,0.0,0.0,0.0,0.0,0.0,0.18691588785046728,0.0,0.0,0.0,90.86,96.33,932.29,Microbial-based integrated model to measure and module brain development and function,include,,False,
PRJNA1414141,90,0,1.0,1.0,1.0,0.0,0.0,0.0,0.0,,0.0,0.0,0.0,,,,Gut Microbiome Dysbiosis in Neonatal Lupus,include,,False,
PRJNA1425751,383,0,0.0,0.0,0.0,0.0,0.0,0.0,0.0,,0.0,0.0,0.0,,,,Gut metagenome,include,,False,
PRJNA1428929,120,0,0.0,0.0,0.0,0.0,0.0,0.0,0.0,,0.0,0.0,0.0,,,,Gut Microbiota and Metabolome Signatures in Preterm Infants with High versus Low Risk for Neurodevelopmental Impairment,include,,False,
PRJNA1435557,13,0,0.0,0.0,0.0,0.0,0.0,0.0,0.0,,0.0,0.0,0.0,,,,ROLE OF GUT MICROBIOME AND MICROBIAL EPITOPE IN ROTAVIRUS INFECTION AMONG MALAYSIAN CHILDREN,include,,False,
PRJNA1445880,740,0,0.0,0.0,0.0,0.0,0.0,0.0,0.0,,0.0,0.0,0.0,,,,Infant gut microbiome samples Gastrointestinal Microbiome and Allergic Proctocolitis cohort,include,,False,
PRJNA1445932,398,0,0.0,0.0,0.0,0.0,0.0,0.0,0.0,,0.0,0.0,0.0,,,,Effect of a complementary feeding intervention on the gut microbiota in 12-18-month- old children,include,,False,
PRJNA1452547,299,0,0.0,0.0,0.0,0.0,0.0,0.0,0.0,,0.0,0.0,0.0,,,,Chlorinated Water Effects on Infant Gut Microbiota,include,,False,
PRJNA1452619,159,0,0.0,0.0,0.0,0.0,0.0,0.0,0.0,,0.0,0.0,0.0,,,,Microbiome and growth faltering in Indian Infants,include,,False,
PRJNA1468137,4749,0,0.0,0.0,0.0,0.0,0.0,0.0,0.0,,0.0,0.0,0.0,,,,Maternal influences on infant gut microbiome and health,include,,False,
PRJNA1472032,54,0,0.0,0.0,0.0,0.0,0.0,0.0,0.0,,0.0,0.0,0.0,,,,Metagenomic profiling of maternal and infant gut microbiome samples,include,,False,
PRJNA1476247,174,0,0.0,0.0,0.0,0.0,0.0,0.0,0.0,,0.0,0.0,0.0,,,,Evaluating metagenomic sequencing as a stool-based diagnostic in children with presumptive TB in Uganda Jun 3 26,include,,False,
PRJNA1490646,319,0,0.0,0.0,0.0,0.0,0.0,0.0,0.0,,0.0,0.0,0.0,,,,Gut Microbiome of Pregnancy and Infancy,include,,False,
PRJNA1502892,390,0,0.0,0.0,0.0,0.0,0.0,0.0,0.0,,0.0,0.0,0.0,,,,"Associations between antibiotic exposure intensity, intestinal microbiome perturbations, and outcomes in premature neonates with bacteremia",include,,False,
PRJNA1504428,685,0,0.0,0.0,0.0,0.0,0.0,0.0,0.0,,0.0,0.0,0.0,,,,Gut microbiomes in children with complicated severe acute malnutrition during hospitalisation and long-term follow-up,include,,False,
PRJNA1513446,44,0,0.0,0.0,0.0,0.0,0.0,0.0,0.0,,0.0,0.0,0.0,,,,Metagenomic sequencing of meconium microbiota of neonates,include,,False,
PRJNA1513833,5,0,0.0,0.0,0.0,0.0,0.0,0.0,0.0,,0.0,0.0,0.0,,,,"ENTERIC VIRAL DETECTION AND BACTERIAL MICROBIOME PROFILES IN CHILDREN UNDER FIVE YEARS WITH ACUTE GASTROENTERITIS IN EMBU COUNTY, KENYA",include,,False,
PRJNA215102,1,1,0.0,0.0,0.0,0.0,0.0,0.0,0.0,0.0,0.0,0.0,0.0,86.38,81.29,6803.48,Premature infant gut Metagenome,include,,False,
PRJNA215106,169,1,0.0,0.0,0.0,0.0,0.0,0.0,0.0,0.0,0.0,0.0,1.0,35.37,16.59,192.19,Pediatric Fecal Metagenome,include,,True,low_known_species_high_depth_majority
PRJNA221723,2,2,0.0,0.0,0.0,0.0,0.0,0.0,0.0,0.0,0.0,0.0,0.0,93.38,88.5,3941.205,Gut metagenome from two premature infants,include,,False,
PRJNA231909,542,490,0.0,0.0,0.0,0.0,0.0,0.0,0.0,0.0,0.0,0.0,0.0,73.91,78.22,79.215,"A prospective, longitudinal analysis of the developing gut microbiome in infants en route to type 1 diabetes",include,,False,
PRJNA268964,116,98,0.0,0.0,0.0,0.0,0.0,0.0,0.0,0.0,0.0,0.0,0.40816326530612246,66.325,64.265,484.58500000000004,Human Gut Microbiome Metagenome,include,,False,
PRJNA272371,28,20,0.0,0.0,0.0,0.0,0.0,0.0,0.0,0.0,0.0,0.0,0.0,100.0,89.86500000000001,2378.965,Infant fecal microbiome related to eczema,include,,False,
PRJNA273761,60,56,0.0,0.0,0.0,0.0,0.0,0.0,0.0,0.25,0.0,0.0,0.0,93.765,95.255,633.4549999999999,Metagenomes from human infant fecal samples with and without necrotizing enterocolitis,include,,False,
PRJNA284162,143,0,0.0,0.0,0.0,0.0,0.0,0.0,0.0,,0.0,0.0,0.0,,,,STL Infant Twins Microbiome,include,,False,
PRJNA287207,2,2,0.0,0.0,0.0,0.0,0.0,0.0,0.0,0.0,0.0,0.0,0.0,92.15,97.16,990.2,Evaluation of vertical transmission between mother-infant,include,,False,
PRJNA290380,785,716,0.0,0.0,0.0,0.0,0.0,0.0,0.0,0.009776536312849162,0.0,0.0,0.00558659217877095,60.644999999999996,79.66499999999999,283.095,"A longitudinal analysis of the developing gut microbiome in infants from Finland, Estonia, and Russian Karelia",include,,False,
PRJNA294605,158,138,0.0,0.0,0.0,0.0,0.0,0.0,0.0,0.2028985507246377,0.0,0.0,0.0,100.0,97.245,725.725,Metagenomes from 11 human infant fecal samples hospitalized in the same intensive care unit,include,,False,
PRJNA296814,1082,998,0.0,0.0,0.0,0.0,0.0,0.0,0.0,0.014028056112224449,0.0,0.0,0.19238476953907815,89.055,92.17,1132.125,New Hampshire Birth Cohort Study microbiome: marker gene and shotgun metagenomic sequencing,include,,False,
PRJNA299342,11,10,0.0,0.0,0.0,0.0,0.0,0.0,0.0,0.0,0.0,0.0,0.0,94.66,86.155,978.4549999999999,children intestinal bacteria about SFB metagenome,include,,False,
PRJNA300541,382,297,0.0,0.0,0.0,0.0,0.0,0.0,0.0,0.006734006734006734,0.0,0.010101010101010102,0.37037037037037035,100.0,57.33,187.5,Antibiotic resistance exchange between microbiota in resource-poor settings in Latin America,include,,False,
PRJNA301903,982,405,0.0,0.0,0.0,0.0,0.0,0.0,0.0,0.2074074074074074,0.0,0.0,0.01728395061728395,100.0,94.65,191.19,Metagenomic sequencing of preterm infant gut microbiota raw sequence reads,include,,False,
PRJNA311208,16,16,0.0,0.0,0.0,0.0,0.0,0.0,0.0,0.0,0.0,0.0,0.0625,84.38,88.60499999999999,1802.105,Severe gut microbiota dysbiosis is associated with poor growth in patients with short bowel syndrome,include,,False,
PRJNA312041,2,0,0.0,0.0,0.0,0.0,0.0,0.0,0.0,,0.0,0.0,0.0,,,,human fecal raw sequence reads,include,,False,
PRJNA320015,28,11,0.0,0.0,0.0,0.0,0.0,0.0,0.0,0.18181818181818182,0.0,0.0,0.0,46.21,63.08,15.08,Technical validation of ethanol fixation on stool canine and infant metagenomes,include,,False,
PRJNA322188,99,74,0.0,0.0,0.0,0.0,0.0,0.0,0.0,0.08108108108108109,0.0,0.0,0.04054054054054054,94.64,88.07,779.955,Maturation of the Infant Microbiome Community Structure and Function Across Multiple Body Sites,include,,False,
PRJNA327106,45,45,0.0,0.0,0.0,0.0,0.0,0.0,0.0,0.2,0.0,0.0,0.0,94.2,97.27,681.97,"Raw reads of the microbiota of premature infant mouth, skin, and gut",include,,False,
PRJNA339914,24,15,0.0,0.0,0.0,0.0,0.0,0.0,0.0,0.0,0.0,0.0,0.06666666666666667,93.9,88.23,800.7,Vertical Transmission Pilot,include,,False,
PRJNA343008,48,1,0.0,0.0,0.0,0.0,0.0,0.0,0.0,1.0,1.0,0.0,0.0,0.18,0.0,0.78,feces metagenome Raw sequence reads,include,,False,
PRJNA343144,19,0,0.0,0.0,0.0,0.0,0.0,0.0,0.0,,0.0,0.0,0.0,,,,Infant gut microbiome Metagenomic assembly,include,,False,
PRJNA345144,646,564,0.0,0.0,0.0,0.0,0.0,0.0,0.0,0.07446808510638298,0.0017730496453900709,0.0017730496453900709,0.0017730496453900709,61.915,92.61500000000001,652.88,Probiotics in Pregnancy study,include,,False,
PRJNA352475,230,126,0.0,0.0,0.0,0.0,0.0,0.0,0.0,0.07142857142857142,0.0,0.007936507936507936,0.06349206349206349,89.66,87.81,763.845,Mother-infant microbiome vertical transmission,include,,False,
PRJNA363003,27,26,1.0,1.0,1.0,0.0,0.0,0.0,0.0,0.038461538461538464,0.0,0.0,0.07692307692307693,91.64500000000001,81.075,1279.725,human metagenome Raw sequence reads,include,,False,
PRJNA376566,407,351,0.0,0.0,0.0,0.0,0.0,0.0,0.0,0.21367521367521367,0.0,0.002849002849002849,0.005698005698005698,92.39,95.78,767.05,preterm infant gut metagenomes (S2_2013 and NIHY2_2012 cohorts),include,,False,
PRJNA379120,70,58,0.0,0.0,0.0,0.0,0.0,0.0,0.0,0.20689655172413793,0.0,0.017241379310344827,0.0,96.555,90.57,1412.63,"Colonization, succession and evolution of the earliest human gastrointestinal microbiome",include,,False,
PRJNA380031,3,3,0.0,0.0,0.0,0.0,0.0,0.0,0.0,0.0,0.0,0.0,0.0,92.59,88.62,1077.34,Maternal inheritance of bifidobacterial communities and bifidophages in infants through vertical transmission,include,,False,
PRJNA384716,96,75,0.0,0.0,0.0,0.0,0.0,0.0,0.0,0.09333333333333334,0.10666666666666667,0.0,0.0,97.19,85.92,577.85,human metagenome,include,,False,
PRJNA385126,40,1,0.0,0.0,0.0,0.0,0.0,0.0,0.0,1.0,1.0,0.0,0.0,0.18,0.0,0.78,viral metagenome Metagenome,include,,False,
PRJNA387903,220,0,0.0,0.0,0.0,0.0,0.0,0.0,0.0,,0.0,0.0,0.0,,,,Intestinal Virome Changes Precede Autoimmunity in Type I Diabetes Susceptible Children,include,,False,
PRJNA390646,60,53,0.0,0.0,0.0,0.0,0.0,0.0,0.0,0.33962264150943394,0.0,0.0,0.0,96.82,98.06,1168.51,Infant Microbiota and Probiotic Intake Study (IMPRINT),include,,False,
PRJNA394687,27,27,0.0,0.0,0.0,0.0,0.0,0.0,0.0,0.0,0.0,0.0,0.037037037037037035,81.61,80.86,7810.13,Confirmation of Shigella detection in culture negative PCR positive diarrheal cases using a metagenomic approach,include,,False,
PRJNA396794,305,275,0.0,0.0,0.0,0.0,0.0,0.0,0.0,0.18545454545454546,0.0,0.05454545454545454,0.01090909090909091,93.29,95.84,1605.23,preterm infant gut metagenomes (NIH Y4 Cohort),include,,False,
PRJNA398089,2041,1221,0.0,0.0,0.0,0.0,0.0,0.0,0.0,0.013923013923013924,0.000819000819000819,0.0,0.00819000819000819,75.88,84.58,393.79,Longitudinal Multi'omics of the Human Microbiome in Inflammatory Bowel Disease,include,,False,
PRJNA400115,13245,0,1.0,1.0,1.0,0.0,0.0,0.0,0.0,,0.0,0.0,0.0,,,,TEDDY Microbiome,include,,False,
PRJNA413160,16,15,1.0,1.0,1.0,0.0,0.0,0.0,0.0,0.06666666666666667,0.0,0.0,0.0,95.27,84.12,1408.34,Metagenome data from infant stools samples raw sequence reads,include,,False,
PRJNA413162,19,18,1.0,1.0,1.0,0.0,0.0,0.0,0.0,0.16666666666666666,0.0,0.0,0.1111111111111111,91.65,88.145,1165.965,Metagenome data from infant (PD and ProD) stools samples raw sequence reads,include,,False,
PRJNA417283,86,80,0.0,0.0,0.0,0.0,0.0,0.0,0.0,0.1625,0.0,0.1,0.2375,21.67,75.01499999999999,261.135,human metagenome,include,,False,
PRJNA417343,269,237,0.0,0.0,0.0,0.0,0.0,0.0,0.0,0.27848101265822783,0.0,0.0,0.0,88.9,96.23,632.11,preterm infant gut metagenomes (NIH Y5 Cohort),include,,False,
PRJNA422569,31,25,0.0,0.6129032258064516,0.0,0.0,0.0,0.0,0.0,0.36,0.2,0.28,0.08,13.7,75.27,42.2,Tracing mother-infant transmission of bacteriophages by means of a novel tool for analysis of shotgun metagenomics datasets: METAnnotatorX,include,,False,
PRJNA433393,14,13,0.0,0.0,0.0,0.0,0.0,0.0,0.0,0.0,0.0,0.0,0.0,97.62,94.57,974.57,infant gut metagenomes (NIHL1),include,,False,
PRJNA436562,46,41,0.0,0.0,0.0,0.0,0.0,0.0,0.0,0.3170731707317073,0.0,0.0,0.0,68.73,91.97,1352.97,Bangladesh Infant Gut Metagenomes,include,,False,
PRJNA46337,1153,0,0.0,0.0,0.0,0.0,0.0,0.0,0.0,,0.0,0.0,0.0,,,,The Neonatal Microbiome and Necrotizing Enterocolitis,include,,False,
PRJNA473126,447,213,0.0,0.0,0.0,0.0,0.0,0.0,0.0,0.023474178403755867,0.0,0.0,0.004694835680751174,55.41,90.24,220.52,Infant Diet and Maternal Gestational Weight Gain Influence Functional Maturation of the Infant Gut Microbiome,include,,False,
PRJNA475246,286,228,1.0,1.0,1.0,0.0,0.0,0.0,0.0,0.039473684210526314,0.008771929824561403,0.0,0.008771929824561403,64.495,87.475,688.775,Strain-level identification of mother-to-child bacterial transmission during the first few months of life,include,,False,
PRJNA477357,116,78,0.0,0.0,0.0,0.0,0.0,0.0,0.0,0.1282051282051282,0.01282051282051282,0.0,0.02564102564102564,64.525,93.44999999999999,317.315,Microbiome in Severe Combined Immunodeficiency (X-linked),include,,False,
PRJNA482729,24,20,0.0,0.0,0.0,0.0,0.0,0.0,0.0,0.0,0.0,0.0,0.0,91.22,82.43,8764.125,"Effect of native and acetylated high amylose maize starch on fecal pH, short chain fatty acid concentrations, and microbiota in a cohort of normal and stunted children in southern India",include,,False,
PRJNA484151,10,1,0.0,0.0,0.0,0.0,0.0,0.0,0.0,0.0,0.0,0.0,0.0,77.41,86.83,223.74,Rural and Urban infant''s fecal microbiota study,include,,False,
PRJNA485056,112,96,0.0,0.0,0.0,0.0,0.0,0.0,0.0,0.0,0.0,0.0,0.0,84.79499999999999,77.03999999999999,1325.785,Metagenomic sequencing of stool samples from rural communities from north-eastern Madagascar,include,,False,
PRJNA486782,199,185,0.0,0.0,0.0,0.0,0.0,0.0,0.0,0.005405405405405406,0.0,0.0,0.005405405405405406,69.45,90.57,1111.21,Influence of early environmental factors on the establishment and development of gut microbiome composition and function and metabolomics profiles in infants at-risk of celiac disease,include,,False,
PRJNA489090,429,372,0.0,0.0,0.0,0.0,0.0,0.0,0.0,0.08333333333333333,0.0,0.0,0.008064516129032258,57.495000000000005,87.34,170.9,"Human infant gut metagenome, infant shotgun sequencing",include,,False,
PRJNA489693,18,17,0.0,0.0,0.0,0.0,0.0,0.0,0.0,0.11764705882352941,0.0,0.11764705882352941,0.0,70.99,93.47,738.27,Microbial Diversity of NICU Infant Feeding Tubes,include,,False,
PRJNA497734,1154,1048,0.0,0.0,0.0,0.0,0.0,0.0,0.0,0.01431297709923664,0.0,0.0,0.01049618320610687,71.055,83.6,204.77499999999998,Longitudinal gut microbiome sequence data combined from several DIABIMMUNE microbiome studies,include,,False,
PRJNA504891,50,45,0.0,0.0,0.0,0.0,0.0,0.0,0.0,0.022222222222222223,0.0,0.0,0.0,92.35,72.86,1733.87,Metagenomic sequencing of stool samples from Ethiopian individuals,include,,False,
PRJNA508395,13,0,0.0,0.0,0.0,0.0,0.0,0.0,0.0,,0.0,0.0,0.0,,,,Nanopore long read assembly of the human gut metagenome,include,,False,
PRJNA510445,1279,1152,0.0,0.0,0.0,0.0,0.0,0.0,0.0,0.020833333333333332,0.0,0.0,0.004340277777777778,90.505,90.88,637.185,The relationship of fecal microbiomes and nutritional status in cystic fibrosis,include,,False,
PRJNA521878,64,43,0.0,0.0,0.0,0.0,0.0,0.0,0.0,0.37209302325581395,0.0,0.0,0.023255813953488372,89.3,92.07,155.98,Gut metagenome of infants in the neonatal intensive care unit,include,,False,
PRJNA524703,440,208,0.0,0.0,0.0,0.0,0.0,0.0,0.0,0.19230769230769232,0.1971153846153846,0.004807692307692308,0.014423076923076924,56.504999999999995,83.71000000000001,127.44,Human infant gut virome,include,,False,
PRJNA526942,4,0,0.0,0.0,0.0,0.0,0.0,0.0,0.0,,0.0,0.0,0.0,,,,"uncultured crAssphage strain:ZA | isolates :M186D4, C0521BW15,C0526BW15, C0521BD4, and C0531BW4",include,,False,
PRJNA529124,44,41,0.0,0.0,0.0,0.0,0.0,0.0,0.0,0.0,0.0,0.0,0.0,98.18,75.47,1495.52,Metagenomic sequencing of stool samples from Ghanaian individuals,include,,False,
PRJNA529400,68,58,0.0,0.0,0.0,0.0,0.0,0.0,0.0,0.017241379310344827,0.0,0.0,0.0,98.42,76.16,1625.44,Homo sapiens Metagenome,include,,False,
PRJNA532310,46,44,0.0,0.0,0.0,0.0,0.0,0.0,0.0,0.1590909090909091,0.0,0.0,0.022727272727272728,87.31,85.57,711.01,Infant gut metagenome,include,,False,
PRJNA542703,30,27,0.0,0.0,0.0,0.0,0.0,0.0,0.0,0.0,0.0,0.0,0.0,54.31,94.5,470.34,Whole genome metagenomic analysis of the gut microbiome of differently fed infants,include,,False,
PRJNA543520,64,57,0.0,0.0,0.0,0.0,0.0,0.0,0.0,0.08771929824561403,0.0,0.0,0.0,84.62,86.31,334.85,Impact of intrapartum and postnatal antibiotics on the gut microbiome and emergence of antimicrobial resistance in infants,include,,False,
PRJNA543967,126,110,0.0,0.0,0.0,0.0,0.0,0.0,0.0,0.01818181818181818,0.0,0.0,0.0,100.0,91.38499999999999,1393.275,human gut metagenome Metagenome,include,,False,
PRJNA544346,112,0,0.0,0.0,0.0,0.0,0.0,0.0,0.0,,0.0,0.0,0.0,,,,fecal sample collected healthy human Raw sequence reads,include,,False,
PRJNA549787,165,91,0.0,0.0,0.0,0.0,0.0,0.0,0.0,0.02197802197802198,0.0,0.0,0.02197802197802198,60.89,90.19,264.94,"South African HIV-exposed, uninfected infant gut microbiomes",include,,False,
PRJNA555020,20,12,0.0,0.0,0.0,0.0,0.0,0.0,0.0,0.16666666666666666,0.5833333333333334,0.0,0.08333333333333333,0.8300000000000001,0.0,1.31,"Fecal microbiota in early life, annotated shotgun sequencing data",include,,False,
PRJNA557731,191,115,0.0,0.0,0.0,0.0,0.0,0.0,0.0,0.20869565217391303,0.0,0.0,0.017391304347826087,77.56,92.71,267.06,Bacterial colonization reprograms the neonatal gut metabolome,include,,False,
PRJNA588513,942,852,0.0,0.0,0.0,0.0,0.0,0.0,0.0,0.0,0.0,0.0,0.0011737089201877935,96.265,91.36,4150.175,human gut metagenome Metagenome,include,,False,
PRJNA592261,211,116,0.0,0.0,0.0,0.0,0.0,0.0,0.0,0.3017241379310345,0.3448275862068966,0.008620689655172414,0.19827586206896552,0.49,0.0,3.9349999999999996,Infant virome during the first year of life,include,,False,
PRJNA595749,753,23,0.0,0.0,0.0,0.0,0.0,0.0,0.0,0.08695652173913043,0.0,0.0,0.0,97.27,95.41,1358.39,"COSMIC2 - Persistence of birth mode-dependent effects on gut microbiome composition, immune system stimulation and antimicrobial resistance in the first year of life",include,,False,
PRJNA606271,20,15,0.0,0.0,0.0,0.0,0.0,0.0,0.0,0.0,0.0,0.0,0.0,90.17,93.21,572.49,Neonatal antibiotic exposure impairs child growth during the first six years of life,include,,False,
PRJNA60717,18,18,0.0,0.0,0.0,0.0,0.0,0.0,0.0,0.0,0.0,0.0,0.0,99.745,94.385,561.36,Metagenomic analysis of infant stool sample,include,,False,
PRJNA613032,20,8,0.0,0.0,0.0,0.0,0.0,0.0,0.0,0.5,0.375,0.0,0.0,2.215,12.59,2.475,"Fecal microbiota in early life and effects of early life antibiotics, annotated shotgun sequencing data",include,,False,
PRJNA613054,32,0,0.0,0.0,0.0,0.0,0.0,0.0,0.0,,0.0,0.0,0.0,,,,"Fecal resistome in early life and effects of early life antibiotics, annotated shotgun sequencing data",include,,False,
PRJNA61745,43,0,0.0,0.0,0.0,0.0,0.0,0.0,0.0,,0.0,0.0,0.0,,,,Strain-resolved community genomic analysis of gut microbial colonization in a premature infant,include,,False,
PRJNA629392,21,19,0.0,0.0,0.0,0.0,0.0,0.0,0.0,0.05263157894736842,0.0,0.0,0.0,91.99,82.11,906.31,Metabolic recovery with eculizumab precision therapy of CHAPLE disease,include,,False,
PRJNA630999,293,270,0.0,0.0,0.0,0.0,0.0,0.0,0.0,0.1814814814814815,0.003703703703703704,0.011111111111111112,0.02962962962962963,92.56,98.215,2486.0600000000004,Premature infant microbiome Metagenome,include,,False,
PRJNA633576,227,207,0.0,0.0,0.0,0.0,0.0,0.0,0.0,0.057971014492753624,0.0,0.004830917874396135,0.00966183574879227,87.01,94.69,1835.48,"Metagenomic survey of the gut microbiome of term infants in the United States reveals widespread dysbiosis, absence of B. infantis, and high abundance of antibiotic resistance genes.",include,,False,
PRJNA63661,3489,2590,0.0,0.002292920607623961,0.0,0.0,0.0,0.0,0.0,0.34826254826254827,0.023552123552123553,0.002702702702702703,0.01891891891891892,68.715,90.12,68.28,Microbial composition of samples from infant gut,include,,False,
PRJNA642723,2104,1916,0.0,0.0,0.0,0.0,0.0,0.0,0.0,0.012526096033402923,0.0,0.0,0.0,84.11,91.89500000000001,254.245,Gut Microbiome and Metabolome in Atopic Eczema Infants,include,,False,
PRJNA644725,150,100,0.0,0.0,0.0,0.0,0.0,0.0,0.0,0.32,0.22,0.02,0.32,1.18,15.29,6.9350000000000005,Metagenomic Sequencing of Stool Samples in Bangladeshi Infants: Virome Association with Poliovirus Shedding After Oral Poliovirus Vaccination,include,,False,
PRJNA648487,94,86,0.0,0.0,0.0,0.0,0.0,0.0,0.0,0.0,0.0,0.0,0.0,96.045,94.805,1841.025,Factors associated with the microbiome in moderate-late preterm babies - the DIAMOND trial - Shotgun Metagenomic data,include,,False,
PRJNA657818,263,226,0.0,0.0,0.0,0.0,0.0,0.0,0.0,0.34513274336283184,0.08849557522123894,0.0,0.08849557522123894,28.43,75.785,113.16499999999999,Delivery mode impacts newborn gut colonization efficiency,include,,False,
PRJNA686821,128,118,0.0,0.0,0.0,0.0,0.0,0.0,0.0,0.0,0.0,0.0,0.0,100.0,94.255,6247.71,Shotgun metagenomics data from human stool microorganism Raw sequence reads,include,,False,
PRJNA687137,15,6,0.0,0.0,0.0,0.0,0.0,0.0,0.0,0.0,0.16666666666666666,0.0,0.3333333333333333,28.875,45.985,24.055,"SIgA binding bacteria in paired samples of maternal feces, breast milk, and infant feces",include,,False,
PRJNA688164,22,21,0.0,0.0,0.0,0.0,0.0,0.0,0.0,0.09523809523809523,0.0,0.0,0.0,99.87,94.82,19857.97,Role of synbiotics to prevalence of LRTinfections in infants:gut metagenomic analysis,include,,False,
PRJNA693793,304,39,1.0,1.0,1.0,0.0,0.0,0.0,0.0,0.15384615384615385,0.15384615384615385,0.0,0.2564102564102564,2.36,37.76,10.75,BaBel Infant Gut Virome Raw Data,include,,False,
PRJNA695070,572,461,0.0,0.0,0.0,0.0,0.0,0.0,0.0,0.20824295010845986,0.0650759219088937,0.013015184381778741,0.12581344902386118,7.17,76.59,388.1,Transmission and formation of microbiota in the ealry life,include,,False,
PRJNA695570,1767,1614,0.0,0.0,0.0,0.0,0.0,0.0,0.0,0.0024783147459727386,0.0,0.0,0.0,67.265,81.715,267.755,Human gut metagenomes of healthy mothers and their children,include,,False,
PRJNA698986,819,743,0.0,0.0,0.0,0.0,0.0,0.0,0.0,0.06191117092866756,0.0,0.005383580080753701,0.0013458950201884253,91.96,94.91,2564.33,Early-life metagenomes from human infant fecal samples with matched maternal sample,include,,False,
PRJNA701480,116,103,0.0,0.0,0.0,0.0,0.0,0.0,0.0,0.1553398058252427,0.0,0.0,0.0,90.02,95.15,1152.21,Vaginal seeding in babies born by caesarean section (ECOBABe trial) - shotgun metagenomics data,include,,False,
PRJNA701982,67,62,0.0,0.0,0.0,0.0,0.0,0.0,0.0,0.14516129032258066,0.0,0.0,0.08064516129032258,71.775,91.85,243.14,Antibiotic-driven intestinal dysbiosis in paediatric SBS alters microbiome functions and is associated with gut-derived blood stream infections throughout childhood,include,,False,
PRJNA706606,95,86,0.0,0.0,0.0,0.0,0.0,0.0,0.0,0.0,0.0,0.0,0.0,97.985,86.60499999999999,3597.02,Impact of Water Chlorination of Children's Gut Microbiomes in Bangladesh,include,,False,
PRJNA707065,20,19,0.0,0.0,0.0,0.0,0.0,0.0,0.0,0.0,0.0,0.0,0.0,97.84,90.31,1792.56,NiPPeR Study - pilot microbiome investigation,include,,False,
PRJNA715601,662,590,0.0,0.0,0.0,0.0,0.0,0.0,0.0,0.0,0.0,0.0,0.001694915254237288,85.94,93.03,1413.38,COPSAC corhot study of infant gut microbiome,include,,False,
PRJNA715615,11,0,0.0,0.0,0.0,0.0,0.0,0.0,0.0,,0.0,0.0,0.0,,,,Rural infant gut microbiota,include,,False,
PRJNA716780,254,228,0.0,0.0,0.0,0.0,0.0,0.0,0.0,0.013157894736842105,0.0,0.0,0.0,88.285,86.095,1475.99,Mothers/children Metagenome,include,,False,
PRJNA717139,18,17,0.0,0.0,0.0,0.0,0.0,0.0,0.0,0.17647058823529413,0.0,0.0,0.0,48.43,96.74,2244.37,"Genetic and behavioral adaptation of Candida parapsilosis to the microbiome of hospitalized infants revealed by in situ genomics, transcriptomics and proteomics",include,,False,
PRJNA725597,355,160,0.0,0.0,0.0,0.0,0.0,0.0,0.0,0.0375,0.00625,0.0,0.1625,98.23,81.83,937.73,The role of maternal exposures on commensal microbes,include,,False,
PRJNA726032,40,34,0.0,0.0,0.0,0.0,0.0,0.0,0.0,0.11764705882352941,0.0,0.0,0.0,84.49000000000001,93.16499999999999,1099.98,A synbiotic intervention modulates meta-omics signatures of gut redox potential and acidity in elective caesarean born infants,include,,False,
PRJNA726052,132,120,0.0,0.0,0.0,0.0,0.0,0.0,0.0,0.0,0.0,0.0,0.0,99.57,89.215,3700.58,"Effects of drinking water chlorination on childrens intestinal flora and resistomes in Dhaka, Bangladesh: a cluster-randomized controlled trial",include,,False,
PRJNA730640,40,34,0.0,0.0,0.0,0.0,0.0,0.0,0.0,0.058823529411764705,0.0,0.029411764705882353,0.0,94.25,85.59,1760.68,The composition of gut microbiota in biliary atresia,include,,False,
PRJNA731529,13,13,0.0,0.0,0.0,0.0,0.0,0.0,0.0,0.0,0.0,0.0,0.0,100.0,96.72,2484.73,Infant gut metagenome Metagenome,include,,False,
PRJNA733860,47,0,0.0,0.0,0.0,0.0,0.0,0.0,0.0,,0.0,0.0,0.0,,,,Preterm infant fecal metagenome,include,,False,
PRJNA739008,434,396,0.0,0.0,0.0,0.0,0.0,0.0,0.0,0.012626262626262626,0.0025252525252525255,0.0,0.05808080808080808,53.875,78.81,266.775,Effect of amoxicillin prophylaxis on gut microbiome and resistome for severe acute malnutrition in Niger,include,,False,
PRJNA746509,5,4,0.0,0.0,0.0,0.0,0.0,0.0,0.0,0.0,0.0,0.0,0.0,64.565,94.23500000000001,106.175,Gut microbiota in an infant with propionic acidemia before and after probiotic supplementation,include,,False,
PRJNA747761,237,216,0.0,0.0,0.0,0.0,0.0,0.0,0.0,0.0,0.0,0.0,0.004629629629629629,73.6,83.485,501.52,"Atlanta, USA and Maputo, Mozambique Children gut microbiome Metagenome",include,,False,
PRJNA748448,60,38,0.0,0.0,0.0,0.0,0.0,0.0,0.0,0.5263157894736842,0.02631578947368421,0.0,0.0,35.41,87.445,55.415,Metagenomic WGS of Preterm Infant Skin and Stool,include,,False,
PRJNA751712,94,0,0.0,0.0,0.0,0.0,0.0,0.0,0.0,,0.0,0.0,0.0,,,,To Probiotic or not to probiotic: using metagenomics to compare the gut microbiome of infants who fulfill probiotic-treatment criteria with those who do not.,include,,False,
PRJNA752686,42,38,0.0,0.0,0.0,0.0,0.0,0.0,0.0,0.10526315789473684,0.0,0.0,0.0,89.66,94.96000000000001,2010.495,Metagenomic Profile of the Gut Microbiome of Preterm Infants and its Association to Infant's Diet,include,,False,
PRJNA762668,33,17,0.0,0.0,0.0,0.0,0.0,0.0,0.0,0.058823529411764705,0.0,0.0,0.0,52.92,91.78,592.23,Longitudinal and comparative analysis of Tunisian newborns gut microbiota according to delivery mode,include,,False,
PRJNA763908,66,60,0.0,0.0,0.0,0.0,0.0,0.0,0.0,0.05,0.0,0.016666666666666666,0.0,92.79499999999999,93.805,1677.8000000000002,Intestinal flora sequencing of Chinese infants,include,,False,
PRJNA770101,71,66,0.0,0.0,0.0,0.0,0.0,0.0,0.0,0.12121212121212122,0.0,0.0,0.0,91.17,91.3,3147.92,the transmission of probio-m9 from mother to infant,include,,False,
PRJNA772730,25,22,0.0,0.0,0.0,0.0,0.0,0.0,0.0,0.13636363636363635,0.0,0.0,0.0,89.815,97.24000000000001,2058.34,The FOUNDATION Study: Hospital Formulation Of B. infantis EVC001 Utilized In The NICU To Demonstrate Tolerability In Our Preterm Neonates,include,,False,
PRJNA774819,29,24,0.0,0.0,0.0,0.0,0.0,0.0,0.0,0.0,0.0,0.0,0.0,89.89,93.805,490.17,Highly specialized carbohydrate metabolism capability in Bifidobacterium strain associated with intestinal barrier maturation in early preterm infants,include,,False,
PRJNA776332,61,57,0.0,0.0,0.0,0.0,0.0,0.0,0.0,0.38596491228070173,0.0,0.017543859649122806,0.0,90.78,96.06,619.67,Altered gut microbiome and fecal immune phenotype in early preterm infants with leaky gut,include,,False,
PRJNA778397,75,72,0.0,0.0,0.0,0.0,0.0,0.0,0.0,0.041666666666666664,0.0,0.0,0.0,95.695,96.00999999999999,2957.6949999999997,Fecal Metagenome Sequences of STRONG Kids 2 Birth Cohort Study,include,,False,
PRJNA782810,264,2,0.0,0.0,0.0,0.0,0.0,0.0,0.0,0.5,0.0,0.0,0.0,68.41,78.84,15.355,Exploring the species-level infant gut bacterial biodiversity through a meta-analysis and the formulation of an optimized culture medium,include,,False,
PRJNA798191,51,44,0.0,0.0,0.0,0.0,0.0,0.0,0.0,0.0,0.0,0.0,0.0,53.025000000000006,96.405,1202.99,Bamboo microbiota study in infants,include,,False,
PRJNA799247,2171,1932,0.03132197144173192,0.03132197144173192,0.0,0.0,0.03132197144173192,0.0,0.0,0.2453416149068323,0.005175983436853002,0.0010351966873706005,0.011387163561076604,68.685,96.71,211.47,Metagenomics of preterm infant stool,include,,False,
PRJNA806984,1347,1233,0.0,0.0,0.0,0.0,0.0,0.0,0.0,0.04866180048661801,0.0,0.0,0.009732360097323601,96.49,88.27,1073.23,"Microbiota and Health Study (Dhaka, Bangladesh)",include,,False,
PRJNA807448,459,412,0.0,0.0,0.0,0.0,0.0,0.0,0.0,0.13106796116504854,0.0,0.0,0.0024271844660194173,99.08500000000001,94.07499999999999,1752.615,The Antibiotics and Immune Responses Study,include,,False,
PRJNA810575,44,41,0.0,0.0,0.0,0.0,0.0,0.0,0.0,0.0,0.0,0.0,0.0,95.56,93.64,16405.6,Metagenomes of maternal and infant faecal samples,include,,False,
PRJNA812583,12,12,0.0,0.0,0.0,0.0,0.0,0.0,0.0,0.0,0.0,0.0,0.0,66.73,83.93,1467.28,Strain-level metagenomics reveal microbial transfer from donor to infant after fecal microbiota transplantation of pregnant patient,include,,False,
PRJNA819247,40,37,0.0,0.0,0.0,0.0,0.0,0.0,0.0,0.10810810810810811,0.0,0.0,0.0,77.08,97.34,497.15,Infant gut microbiome Raw sequence reads,include,,False,
PRJNA821542,918,848,0.0,0.0,0.0,0.0,0.0,0.0,0.0,0.015330188679245283,0.0011792452830188679,0.0011792452830188679,0.0011792452830188679,90.525,86.64,474.07,Longitudinal gut metagenomes from mothers and their infants in the EDIA study,include,,False,
PRJNA821920,37,26,0.0,0.0,0.0,0.0,0.0,0.0,0.0,0.2692307692307692,0.0,0.0,0.0,79.13,86.305,32.655,Mental Health Screening for Babies. What can we learn from infant and caregiver behaviors during immunization appointments?,include,,False,
PRJNA833139,43,38,0.0,0.0,0.0,0.0,0.0,0.0,0.0,0.10526315789473684,0.0,0.0,0.02631578947368421,75.88499999999999,86.31,387.65999999999997,Gender-specific cross-generational microbial persistence of human gut microbes,include,,False,
PRJNA834762,83,51,0.0,0.0,0.0,0.0,0.0,0.0,0.0,0.0196078431372549,0.0,0.0,0.0392156862745098,62.76,74.04,63.42,LMIC human infant stool whole-genome shotgun metagenomic sequencing,include,,False,
PRJNA835321,22,19,0.0,0.0,0.0,0.0,0.0,0.0,0.0,0.05263157894736842,0.0,0.0,0.05263157894736842,71.04,92.61,1196.2,Whole metagenome analysis of Infant gut and breast milk microbiota,include,,False,
PRJNA835720,381,131,0.0,0.0,0.0,0.0,0.0,0.0,0.0,0.03816793893129771,0.0,0.007633587786259542,0.0,25.47,85.93,920.21,Human feces Viral/Bacterial Metagenome,include,,False,
PRJNA837236,14,11,0.0,0.0,0.0,0.0,0.0,0.0,0.0,0.0,0.0,0.0,0.18181818181818182,76.2,68.88,126.5,LMIC human infant stool whole-genome shotgun metagenomic sequencing to validate qPCR Metagenome,include,,False,
PRJNA838575,2934,2665,0.0,0.0,0.0,0.0,0.0,0.0,0.0,0.0803001876172608,0.0,0.0,0.052157598499061916,61.05,86.15,333.96,CHILD Infant Stool Raw sequence reads,include,,False,
PRJNA843963,177,0,0.0,0.0,0.0,0.0,0.0,0.0,0.0,,0.0,0.0,0.0,,,,CAGED: CAMPYLOBACTER GENOMICS AND ENVIRONMENTAL ENTERIC DYSFUNCTION,include,,False,
PRJNA844516,19,0,0.0,0.0,0.0,0.0,0.0,0.0,0.0,,0.0,0.0,0.0,,,,"Investigation of the Interrelationship among Mental, Physical and Intestinal Microbiota in Postpartum Mothers and Their Infants.",include,,False,
PRJNA845806,391,366,0.0,0.0,0.0,0.0,0.0,0.0,0.0,0.01092896174863388,0.0,0.0,0.02185792349726776,88.08,84.43,817.51,Trial of Diet in Gestational Diabetes Mellitus: Metabolic Consequences to Mother and Offspring (CHOICE),include,,False,
PRJNA850838,12,10,0.0,0.0,0.0,0.0,0.0,0.0,0.0,0.3,0.0,0.0,0.0,99.33500000000001,95.41,1684.6399999999999,Metagenomic analysis of intestinal oligosaccharides in infants,include,,False,
PRJNA853174,22,20,0.0,0.0,0.0,0.0,0.0,0.0,0.0,0.15,0.0,0.0,0.0,76.53,94.28999999999999,2804.54,Infant gut microbiome changes and recovers after norovirus infection,include,,False,
PRJNA858926,100,0,0.0,0.0,0.0,0.0,0.0,0.0,0.0,,0.0,0.0,0.0,,,,Microbiological analysis of breast milk and infant feces,include,,False,
PRJNA862908,151,144,0.0,0.0,0.0,0.0,0.0,0.0,0.0,0.020833333333333332,0.0,0.0,0.020833333333333332,81.715,84.945,283.385,Human gut metagenome during and after enteric infection Metagenome,include,,False,
PRJNA869587,9,0,0.0,0.0,0.0,0.0,0.0,0.0,0.0,,0.0,0.0,0.0,,,,human viral metagenome Metagenome,include,,False,
PRJNA870588,114,95,0.0,0.0,0.0,0.0,0.0,0.0,0.0,0.29473684210526313,0.0,0.0,0.0,84.64,97.44,1576.89,Longitudinal metagenomic of preterm infants with cholestasis,include,,False,
PRJNA872399,361,290,0.0,0.0,0.0,0.0,0.0,0.0,0.0,0.3724137931034483,0.006896551724137931,0.0,0.027586206896551724,88.315,93.32499999999999,127.91,Preterm infants at low risk for early-onset sepsis differ in early fecal microbiome assembly,include,,False,
PRJNA884103,449,380,0.0,0.0,0.0,0.0,0.0,0.0,0.0,0.22631578947368422,0.002631578947368421,0.0,0.02894736842105263,62.980000000000004,95.695,200.885,Gut residence of bloodstream infection pathogens in the NICU,include,,False,
PRJNA884688,109,100,0.0,0.0,0.0,0.0,0.0,0.0,0.0,0.01,0.0,0.0,0.01,94.195,80.63,127.735,Human gut microbiota and protein source,include,,False,
PRJNA889771,140,114,0.0,0.0,0.0,0.0,0.0,0.0,0.0,0.19298245614035087,0.0,0.017543859649122806,0.017543859649122806,89.605,93.045,417.8,"Raw reads of the microbiota of premature infant mouth, skin, and gut",include,,False,
PRJNA893826,1,0,0.0,0.0,0.0,0.0,0.0,0.0,0.0,,0.0,0.0,0.0,,,,Culture-independent long read metagenomic diagnostics for genomic surveillance and infection control of pathogenic bacteria in clinical settings,include,,False,
PRJNA894152,80,0,0.0,0.0,0.0,0.0,0.0,0.0,0.0,,0.0,0.0,0.0,,,,Long read infant/young children fecal and environmental samples,include,,False,
PRJNA895372,28,27,0.0,0.0,0.0,0.0,0.0,0.0,0.0,0.0,0.0,0.0,0.0,77.59,94.29,1162.39,Microbiome function and neurodevelopment in Black infants: Vitamin B12 biosynthesis emerges as a key factor,include,,False,
PRJNA898628,220,52,0.0,0.0,0.0,0.0,0.0,0.0,0.0,0.019230769230769232,0.0,0.0,0.0,94.34,95.32,2333.7749999999996,PINGU Fecal samples Metagenome,include,,False,
PRJNA900041,830,0,0.0,0.0,0.0,0.0,0.0,0.0,0.0,,0.0,0.0,0.0,,,,ITS Bifidobacteria human Gut,include,,False,
PRJNA900180,830,0,0.0,0.0,0.0,0.0,0.0,0.0,0.0,,0.0,0.0,0.0,,,,ITS Bifidobacteria human Gut #2,include,,False,
PRJNA903921,1033,890,0.0,0.0,0.0,0.0,0.0,0.0,0.0,0.043820224719101124,0.0,0.0,0.0044943820224719105,62.135000000000005,89.965,508.515,Gut Mycobiome Maturation and Its Determinants during Infancy: A Comparison of Shotgun Metagenomic and ITS2 Amplicon-Based Sequencing Approaches,include,,False,
PRJNA906107,156,144,0.0,0.0,0.0,0.0,0.0,0.0,0.0,0.11805555555555555,0.0,0.2569444444444444,0.034722222222222224,83.555,90.16,412.91499999999996,Characterizing microbiome dynamics among maternal and donor breastmilk and infants,include,,False,
PRJNA911205,183,162,0.0,0.0,0.0,0.0,0.0,0.0,0.0,0.006172839506172839,0.0,0.0,0.0,92.545,93.16499999999999,1874.5,Psychosocial adversity experienced in utero and early life is associated with variation in gut microbiota,include,,False,
PRJNA916952,1144,449,0.0,0.0,0.0,0.0,0.0,0.0,0.0,0.3028953229398664,0.18485523385300667,0.0378619153674833,0.31625835189309576,1.56,29.6,18.1,Stanford's Outcomes Research in Kids (STORK) Virome,include,,False,
PRJNA927010,213,45,0.0,0.0,0.0,0.0,0.0,0.0,0.0,0.15555555555555556,0.0,0.0,0.0,72.12,95.34,426.16,PREVAIL Birth Cohort Infant Gut Metagenome,include,,False,
PRJNA938144,63,61,1.0,1.0,1.0,0.0,0.0,0.0,0.0,0.03278688524590164,0.0,0.0,0.0,95.76,95.04,3297.52,HOLA gut microbiome,include,,False,
PRJNA945262,104,0,0.0,0.0,0.0,0.0,0.0,0.0,0.0,,0.0,0.0,0.0,,,,Neonatal Gut Microbiome in a mother child paired design,include,,False,
PRJNA947616,606,478,0.0,0.0,0.0,0.0,0.0,0.0,0.0,0.13598326359832635,0.008368200836820083,0.0,0.010460251046025104,73.13,96.87,512.68,Gut microbiome and bloodstream infections among premature infants in Singapore,include,,False,
PRJNA949443,49,0,0.0,0.0,0.0,0.0,0.0,0.0,0.0,,0.0,0.0,0.0,,,,human gut metagenome Targeted Locus (Loci),include,,False,
PRJNA949528,183,168,0.0,0.0,0.0,0.0,0.0,0.0,0.0,0.05357142857142857,0.0,0.005952380952380952,0.017857142857142856,94.83,91.57,1822.3400000000001,"Health programming, evolution of the infants microbiome",include,,False,
PRJNA955235,190,179,0.0,0.0,0.0,0.0,0.0,0.0,0.0,0.0446927374301676,0.0,0.00558659217877095,0.00558659217877095,84.9,94.74,1648.17,Persistent delay in maturation of the developing gut microbiome in infants with cystic fibrosis,include,,False,
PRJNA961698,736,658,1.0,1.0,1.0,0.0,0.0,0.0,0.0,0.016717325227963525,0.0,0.0182370820668693,0.00303951367781155,78.97,93.305,1176.13,Very Early Life Microbiome and Metabolome Correlates with Primary Vaccination Variability in Children,include,,False,
PRJNA971895,209,195,0.0,0.0,0.0,0.0,0.0,0.0,0.0,0.05641025641025641,0.0,0.0,0.0,85.64,92.44,396.62,Resismet,include,,False,
PRJNA978345,96,83,0.0,0.0,0.0,0.0,0.0,0.0,0.0,0.13253012048192772,0.0,0.0,0.012048192771084338,67.95,88.33,376.41,Infant cystic fibrosis BAL and stool microbiome,include,,False,
PRJNA979436,13,11,0.0,0.0,0.0,0.0,0.0,0.0,0.0,0.0,0.0,0.0,0.0,79.23,93.25,894.7,Different development status of gut microbiome link to the dysbiosis of gut ecosystem in early childhood with atopic dermatitis,include,,False,
PRJNA986854,65,61,0.0,0.0,0.0,0.0,0.0,0.0,0.0,0.06557377049180328,0.0,0.0,0.0,91.22,94.34,4006.49,stool sample of paired mother-infant for 16S rRNA sequencing analysis,include,,False,
PRJNA988496,273,216,0.0,0.0,0.0,0.0,0.0,0.0,0.0,0.08333333333333333,0.0,0.0,0.009259259259259259,65.13,91.155,856.58,Delivery mode impacts gut bacteriophage colonization during infancy,include,,False,
PRJNA991269,128,114,0.0,0.0,0.0,0.0,0.0,0.0,0.0,0.0,0.0,0.0,0.008771929824561403,80.745,81.715,526.5450000000001,Comparative characterization of the infant gut microbiome and their maternal lineage by a multi-omics approach,include,,False,
PRJNA994433,80,10,0.0,0.0,0.0,0.0,0.0,0.0,0.0,0.1,0.0,0.0,0.0,90.73,90.815,316.09000000000003,Longitudinal Variability of Bifidobacterium Species in the Infant Gut is Independent of Maternal Milk HMO Composition,include,,False,
